GOID,Title,Date,Source Type,Authors,Publication ID,Publication Title,Publisher City,Publisher Province,Publisher Name,Publisher ZipCode,Object Type,Language,Pages,Start Page,Company Name,Company NAIC,Subject Terms
1869475208,"Kraft Heinz Offers $143 Billion for Unilever, Which Spurns the Bid",2017-02-18,Newspapers,"['Bray, Chad']",11561,New York Times,NEW YORK,NY,New York Times Company,10018,Articles - All Types,English,,B.1,"['Kraft Heinz Co', 'Unilever PLC']","['311421', '311422', '311941', '311942', '311421', '311512', '311520', '311941', '325611', '325620']","['Bids', 'Food processing industry', 'Tender offers', 'Acquisitions & mergers', 'Consumer goods']"
2227608617,Group of Scientists Drafts Rules on Ethics for Stem Cell Research,2005-04-27,"Blogs, Podcasts, & Websites",,2037333,New York Times (Online),NEW YORK,NY,New York Times Company,10018,Articles - All Types,English,,,"['Stanford University', 'Congress-US']","['611310', '921120']","['Embryos', 'Committees', 'Ethics', 'Stem cells']"
2237286071,Cruise Safety,1997-03-02,"Blogs, Podcasts, & Websites",,2037333,New York Times (Online),NEW YORK,NY,New York Times Company,10018,Articles - All Types,English,,,['Carnival Corp'],['483112'],
2262606692,HIGHLIGHT: IOWA,2019-07-24,Newspapers,,15008,USA TODAY,MacLean,VA,"USA Today, a division of Gannett Satellite Information Network, Inc.",22108,Articles - All Types,English,,B.5,['National Aeronautics & Space Administration--NASA'],['927110'],"['Government grants', 'Humanities', 'Parks & recreation areas', 'Litigation', 'Water quality', 'Fatalities', 'Moon', 'Homeless people', 'Farms', 'Cemeteries', 'Secondary schools', 'Bridges', 'National parks', 'Rain']"
2311715262,Top CDC official suggests legal marijuana regulations can mitigate vaping injuries,2019-11-04,Newspapers,,2040590,Boston Globe (Online),BOSTON,MA,"Boston Globe Media Partners, LLC",2109,Articles - All Types,English,,,"['Food & Drug Administration--FDA', 'Centers for Disease Control & Prevention--CDC', 'C-SPAN']","['922190', '923120', '515210']","['Electronic cigarettes', 'Clinics', 'Consumers', 'Disease control', 'Injuries', 'Marijuana', 'Descriptive labeling', 'Vaping']"
282580770,"PLAN FOR KANE, MCHENRY AIRPORT GETS NEW LIFE",1988-12-04,Newspapers,"['Young, David']",46853,Chicago Tribune (pre-1997 Fulltext),Chicago,IL,"Tribune Publishing Company, LLC",60611,Articles - All Types,English,0.0,1,,,
307917723,Storm Dampens Candidates Dinnerel 756,1996-01-08,Newspapers,"['Balz, Dan']",47014,The Washington Post (pre-1997 Fulltext),Washington,DC,WP Company LLC d/b/a The Washington Post,20071,Articles - All Types,English,0.0,A.04,['Republican Party'],,
405208284,"Flipping a Switch at Edison as Competition Dawns, Giant Utility Sees the Light",1998-03-03,Newspapers,"['Mohl, Bruce']",46045,Boston Globe,BOSTON,MA,"Boston Globe Media Partners, LLC",2109,Articles - All Types,English,0.0,A.1,['Boston Edison Co'],,"['Electric utilities', 'Deregulation', 'Competition', 'Quality of service']"
409714092,Understand Complaint Before Joining It,2004-11-20,Newspapers,,10327,The Washington Post,Washington,DC,WP Company LLC d/b/a The Washington Post,20071,Articles - All Types,English,0.0,T.11,,,
410203947,SEC Rule Seen as a Threat To Power of Chief Executives,2006-09-10,Newspapers,"['Simon, Ellen']",10327,The Washington Post,Washington,DC,WP Company LLC d/b/a The Washington Post,20071,Articles - All Types,English,0.0,F.4,,,
