Noun Chunks,Occurences,OccurrencesArea1,OccurrencesArea2,OccurrencesArea3,OccurrencesArea4,OccurrencesArea5,OccurrencesArea6,OccurrencesArea7,OccurrencesArea8,OccurrencesArea9,OccurrencesArea10,OccurrencesArea11,OccurrencesArea12,OccurrencesArea13,OccurrencesArea14
Disease Control,,,1.0,,,,,,1.0,,,,,,
Dungeness crab,,,,1.0,,,,,,,,,,,
Food and Drug Administration,,,1.0,,,,,,1.0,,,,,,
National Forest,,,,1.0,,,,,,,,,,,
antitrust review,1.0,,,,,,1.0,,,,,,,,
coast guard,1.0,,,,,,,,,,,,,,
commercial fishing,1.0,,,1.0,,,,,,,,,,,
disease control,1.0,,,,,,,,,,,,,,
dungeness crab,1.0,,,,,,,,,,,,,,
electric power,1.0,,,1.0,,,,,,,,,,,
federal agency,1.0,,1.0,,,,,,1.0,,,,,,
food and drug administration,1.0,,,,,,,,,,,,,,
government regulation,1.0,,,,,,,1.0,,,,,,,
independent director,2.0,,,,,,,,2.0,,,,,,
mutual fund,4.0,,,,,,,,4.0,,,,,,
national forest,1.0,,,,,,,,,,,,,,
new regulation,2.0,,,2.0,,,,,,,,,,,
quality control,1.0,,1.0,,,,,,1.0,,,,,,
rent control,3.0,,,,,,,,,,,,,3.0,
research set,1.0,,,,,1.0,,,1.0,,,,,,
self regulation,1.0,,,,,1.0,,,1.0,,,,,,
state law,2.0,,,,,,,,,,,,,,
state regulation,1.0,,1.0,,,,,,1.0,,,,,,
telephone service,1.0,,,1.0,,,,,,,,,,,
update regulation,1.0,,,,,1.0,,,1.0,,,,,,
