Year,Month,YM,UncertaintyIndex,LMIndex,GIIndex,LSDIndex,UncertaintyIndex_standardized,GIIndex_standardized,LMIndex_standardized,LSDIndex_standardized,SentimentPC1_standardized,SentimentPC2_standardized
1985,1,1,0.605388431238797,-1.8020296448482966,1.3554123235162174,0.26055289088108646,-1.5211303829940592,0.29635979658876155,0.5139204714637433,0.40475409397063455,0.7033212711969782,-0.1363136416128381
1985,2,2,0.5928093026801371,-1.9265065892087145,1.4611778427055264,0.05110037654556403,-1.7810802350305022,0.7558023270926487,-0.24832450946295964,-0.5603638512582089,-0.06786079981094831,0.8061787526420712
1985,3,3,0.6281665194456864,-1.9755557061671125,1.1620742173208944,-0.0746847181040713,-1.0504172782315218,-0.5434956632441947,-0.5486808799742077,-1.13995800162589,-1.3065982442602195,0.05261143551161713
1985,4,4,0.6524042964166906,-1.867413129085353,1.406195929399922,0.07892427057615145,-0.5495394544678643,0.5169623953767396,0.11353923659914145,-0.43215656035861527,0.08597992005649796,0.38147299527909884
1985,5,5,0.6520031832072921,-1.7988690409169006,1.4426101339645463,0.27372645035975274,-0.5578285278282937,0.6751447067736311,0.5332746940130071,0.46545538798820696,0.959513128019638,0.13839479010170114
1985,6,6,0.6701376494793244,-1.9630231137771526,1.1501836451110403,-0.05202583757350489,-0.18307666785709295,-0.5951479845972089,-0.47193650215925165,-1.0355501252715629,-1.2275125742240793,-0.04731684884053688
1985,7,7,0.6321620030308142,-1.917146910957277,1.3463386609398793,0.15364946111297653,-0.9678499237502782,0.256944053849869,-0.19100973678031857,-0.08783688209393971,-0.021557201452563186,0.328077846136065
1985,8,8,0.6393034078287259,-2.183081023481972,1.0436723013622933,-0.16712110641472258,-0.8202715671182943,-1.0578303566442255,-1.8194795194431719,-1.5658875610478518,-2.575664832308985,0.49156153383343926
1985,9,9,0.7296414756532843,-1.8430535638983936,1.5168050000693514,0.22141973113154362,1.0465801193671969,0.9974451813978266,0.2627070716285261,0.2244358254236643,0.8350988688360315,0.5845126063119342
1985,10,10,0.7085799981576542,-1.8673647385659606,1.2996934843168062,0.2383037270087012,0.6113410697679474,0.05431867889050568,0.1138355599923677,0.3022341152169848,0.27897678396723513,-0.06398149186868879
1985,11,11,0.6792223802104977,-2.0075065110226116,1.212959754913157,0.0661858091750123,0.0046608529375122935,-0.32245027589452446,-0.7443343060990947,-0.49085300395036124,-0.9019104866851532,0.26904943041941254
1985,12,12,0.653227603199382,-1.8778366709357237,1.4942689274340748,0.2583026218526408,-0.5325256784067328,0.89954909656286,0.04970980617932658,0.39438527587439237,0.76288886185231,0.620633411590509
1986,1,13,0.6771760149636418,-2.040698243054532,0.8944222611717176,-0.1968922681112302,-0.037627636336771644,-1.7061684602962173,-0.9475866535887599,-1.7030674965323316,-2.5166038619928113,-0.5358083987432342
1986,2,14,0.6802213975735543,-1.8862921956224017,1.2023954370454912,-0.006425958254732031,0.025305718318874227,-0.3683413845599128,-0.002068306519683509,-0.8254344244864257,-0.7061109558207377,-0.18738502420853761
1986,3,15,0.6757837826712925,-1.8655054096753407,1.1397385522847283,0.006657086262125173,-0.06639835576370737,-0.6405211829349321,0.1252213159815524,-0.7651502064549344,-0.7461588555812108,-0.48453714244186136
1986,4,16,0.6193072138352232,-1.729127402223011,1.4612155687352808,0.4106428151345076,-1.233496350191563,0.7559662079368887,0.9603434522410181,1.096340345654259,1.6323517123477593,-0.1378741747938048
1986,5,17,0.7076874238233309,-2.1261117564706624,0.9988170753742609,-0.155050244244744,0.5928958678561574,-1.2526802348675667,-1.470623447585319,-1.5102672896388945,-2.4492806341767706,0.11758269897975822
1986,6,18,0.712823242509354,-2.1175729272740886,0.9345013989681191,-0.11205906394571581,0.6990284430414709,-1.5320657789050023,-1.4183352127517812,-1.3121719851982163,-2.452306503373314,-0.15486832198119668
1986,7,19,0.6343221932831007,-2.1961991172112785,0.7596859688578245,-0.4377557242269568,-0.923209221190174,-2.2914592390480872,-1.899809263685107,-2.8129211766593074,-4.058739417580972,-0.26897635713783574
1986,8,20,0.6787779383536179,-1.8737138143050867,1.1141710925550818,0.038380274699132945,-0.004523614364492126,-0.7515855306238942,0.07495646362204242,-0.6189756974615139,-0.7469682699997802,-0.5567249945110958
1986,9,21,0.7563139897960789,-1.8397750289362873,1.1588098167428342,0.11729815677765887,1.597772204933895,-0.5576761303156781,0.28278345470893285,-0.2553368820714531,-0.3001174073170524,-0.5779111116457262
1986,10,22,0.6671369137541133,-1.9437209984629271,0.8485061537391227,-0.21475511426883737,-0.24508738697261404,-1.9056267785781942,-0.35373838446658024,-1.7853761450308279,-2.3365420976545983,-1.0490288005343227
1986,11,23,0.6646911449030366,-1.8101328877418954,1.3561762351004867,0.25902106842423145,-0.29562962032271706,0.29967820767441694,0.464299585792005,0.3976957430756576,0.6724563356517141,-0.10214572967432281
1986,12,24,0.6934052549753836,-1.9467674790991154,1.0080610060495405,-0.1218250611060249,0.2977523957570928,-1.2125248521510956,-0.3723937634715563,-1.3571718704579832,-1.7056366330964678,-0.5501419298031619
1987,1,25,0.68520316593091,-1.9504056122754112,1.1669827852939718,-0.03752608755127992,0.12825481700527955,-0.5221729778549761,-0.3946721762959011,-0.9687379936904416,-1.1025266287971707,-0.04646496135846908
1987,2,26,0.7081811361723986,-1.9141546438775732,1.3570246906613135,-0.10125072730797707,0.6030985183410639,0.30336387548822147,-0.17268633902328226,-1.26236919490826,-0.700586300197072,0.490862574075443
1987,3,27,0.6713372108869174,-1.923970838199272,1.1174279464260624,0.07867499766969652,-0.15828752535343651,-0.7374378462421215,-0.23279662604841417,-0.4333051632103988,-0.8022496534131687,-0.3767881140757606
1987,4,28,0.6719651781636928,-2.1283860501863905,1.0286386029448196,-0.1488600111409616,-0.14531047373016573,-1.1231363325114019,-1.4845502753916588,-1.4817438552339017,-2.368692871052999,0.22335741178005122
1987,5,29,0.6854983581220123,-2.014533139688633,0.8862522908596343,-0.24351882862839244,0.13435501433147104,-1.7416585884882474,-0.7873624544926016,-1.9179139519314115,-2.5752247711312872,-0.6374069820422946
1987,6,30,0.708711070331271,-1.981595780034072,1.0140582904646698,-0.15842646270696514,0.6140496987464102,-1.1864728122333732,-0.58566777753321,-1.5258242717798816,-1.9160198885696065,-0.3778732908418853
1987,7,31,0.7004995411081335,-2.1334916972981888,1.0453918211182243,-0.06306475247404174,0.4443570370812273,-1.0503608097259873,-1.5158151325533413,-1.0864153769977645,-2.1059219672641927,0.25270342977143784
1987,8,32,0.6545555445977337,-2.0017908700801006,1.1933601270528063,0.040432356409179915,-0.5050835413457406,-0.407590524721519,-0.7093341006908268,-0.6095200893981528,-1.000915267144419,0.19525803078980766
1987,9,33,0.7357879271592894,-2.144525450459427,1.1741621646713982,-0.2255322003205586,1.1735975953461064,-0.4909859496637919,-1.5833812429776608,-1.8350349384751976,-2.2929114009405436,0.8165768645323012
1987,10,34,0.7191135627492179,-1.9633938121935448,0.9095487498956294,-0.1540697381908847,0.8290189911139559,-1.640459405868817,-0.474206504919878,-1.505749301440055,-2.089516165126905,-0.8015219327091317
1987,11,35,0.736680662808856,-1.946610208528191,1.0231614068866588,-0.03248759759683678,1.1920461308651056,-1.1469291227923546,-0.37143070397527383,-0.9455215759390714,-1.4184352660122845,-0.5482656530714184
1987,12,36,0.6773396850555805,-1.959642223282907,1.1845525541161832,0.010534469734938406,-0.0342453657777371,-0.44585038132333565,-0.451233336416046,-0.747283949838166,-0.9581303011569835,0.021764677652159576
1988,1,37,0.738765627777724,-2.1021900256162205,0.9009562398507452,-0.17338671395459854,1.2351322900239834,-1.6777850351349635,-1.3241367277146787,-1.5947583067329985,-2.65052105542412,-0.2930775768023544
1988,2,38,0.7212598866269831,-1.8934725453308723,1.2827098802489223,0.07252224635762815,0.8733731426631313,-0.019457633936533682,-0.04603777857494892,-0.461655888541369,-0.3180783032438039,0.06774189613353844
1988,3,39,0.6397099576383019,-2.127082623975711,1.008929822861225,-0.1328157904141187,-0.8118701454815015,-1.208750735618938,-1.4765686359627364,-1.4078150920017551,-2.3661703168221253,0.14329815285655562
1988,4,40,0.6859700679712478,-1.882296193333435,1.3836874765235163,0.06190359020269809,0.14410297937857955,0.41918629002095315,0.022401547750815747,-0.5105846667030912,-0.06764512664564272,0.371348600300319
1988,5,41,0.7613261807628733,-1.9325470286844018,1.2682690927123532,0.21899481993796785,1.7013499920692066,-0.08218802110926496,-0.2853136458575884,0.21326228894962945,-0.07858719358663686,0.08804662821807246
1988,6,42,0.6230327435987281,-2.007846140605912,1.256585972281111,-0.12554587593935376,-1.1565076377967187,-0.13293917759443222,-0.7464140562614656,-1.3743166881170679,-1.3367818632129025,0.5212561873147243
1988,7,43,0.6633697584093844,-1.9838251614631022,1.1829771555130926,0.2401119583344163,-0.3229362991523385,-0.4526938698846759,-0.5993195811951725,0.3105661063945985,-0.4026313158500726,-0.016146375183343557
1988,8,44,0.6400924759089627,-2.136583437698299,1.014546503613321,0.02583446958569472,-0.8039653397236287,-1.1843520276321071,-1.5347476635085404,-0.6767844169735981,-1.941018385853041,0.11232018397259719
1988,9,45,0.6402491214044018,-1.972927932037005,0.9625942069738289,-0.058953968662638516,-0.8007282336576804,-1.4100313871860815,-0.5325894852828033,-1.0674736553482163,-1.7294770759798588,-0.638113784658974
1988,10,46,0.6774520326078458,-2.121350715334709,1.0884134433494421,-0.08241468753403627,-0.03192368431531845,-0.8634760562089733,-1.441468813942013,-1.175576252553061,-2.014957679266457,0.3620747195801197
1988,11,47,0.6883239377916748,-1.9176821884816264,1.274627034692509,-0.10967954426460456,0.19274610347733037,-0.05456929456634303,-0.19428755347508622,-1.3012076043095395,-0.933295027830812,0.23115192781059132
1988,12,48,0.6612109791105645,-2.057679951629774,1.1142684345385212,-0.040668327466700176,-0.36754784411673425,-0.7511626797029283,-1.0515755665199664,-0.9832168465235399,-1.6130457788879864,0.18485762158816205
1989,1,49,0.7367492980581781,-2.0711053952597065,1.1173159926270364,-0.06165298038268584,1.1934644900799403,-0.7379241704914447,-1.1337873935873137,-1.0799101956956283,-1.711674022947377,0.25746835391541417
1989,2,50,0.703995364048881,-2.167650463992906,0.8578433593840011,-0.3269132835209714,0.5165988185333531,-1.8650662119379489,-1.72498919769029,-2.3021799761648345,-3.4134587712829325,-0.10664786695438623
1989,3,51,0.659024518079119,-2.2356580241768533,0.8940649702304168,-0.3219068678459865,-0.41273143683996905,-1.7077205223997802,-2.1414391811120272,-2.279111350684107,-3.5512253663895708,0.27088853034771526
1989,4,52,0.6987463797489452,-2.0756368680033033,1.112351635765191,-0.07626589159875602,0.408127656501181,-0.7594892012917768,-1.1615362459772922,-1.1472437528572925,-1.7803932402265497,0.2658614755372098
1989,5,53,0.6458840495039432,-2.1596047221692016,0.7568239737250863,-0.1842135115749874,-0.6842814767236837,-2.303891667841081,-1.675720424629848,-1.6446461617723498,-3.2261401119973714,-0.554947618735199
1989,6,54,0.6957076091077296,-1.9615556955389009,0.9221437927972443,-0.07183016943612618,0.3453309393142128,-1.5857468830458976,-0.4629506438320341,-1.1268047761623379,-1.822316903299356,-0.8106232063387537
1989,7,55,0.643372952842716,-1.902634753788384,1.139880102849712,0.046463505483301755,-0.7361737204901111,-0.639906291141568,-0.10214332845670954,-0.5817296843975186,-0.7642510630594712,-0.36467234421345623
1989,8,56,0.6928985624658669,-2.0905237935833236,0.799770227553023,-0.26536997581008287,0.28728150802726093,-2.1173343126121758,-1.252697580014732,-2.0185999443425775,-3.109227181967464,-0.6285057600686839
1989,9,57,0.6703893301248248,-1.9405573273740284,0.9349024995343012,-0.031273861580358164,-0.17787564409354878,-1.5303234089859046,-0.3343653799217902,-0.9399289077680051,-1.6045206020539364,-0.8693250114272494
1989,10,58,0.6623380739786325,-2.0168193007944306,1.3214075838412105,0.19554274206587827,-0.3442562350979504,0.14864413495193626,-0.8013619532547062,0.10519950785070964,-0.31278525639364096,0.5997610534522314
1989,11,59,0.616305136086008,-2.1361886597038438,0.9976023967359696,-0.12005487316437102,-1.2955348024636124,-1.2579567657407964,-1.5323302074374594,-1.3490151760667137,-2.38932131118432,0.13278127837089365
1989,12,60,0.6527285727151291,-2.0291702402012026,1.1762355815772936,0.1094242379023247,-0.5428382290685921,-0.4819790831789877,-0.8769939638323652,-0.2916184250740253,-0.944196403808509,0.20410686389816785
1990,1,61,0.6840537407856927,-2.022527531537527,1.2343066520361665,0.03132485038405375,0.1045017489741472,-0.2297199370489603,-0.8363167816870176,-0.6514857708749989,-1.001368375187083,0.4169040798197461
1990,2,62,0.6728199727716718,-2.1773447649588,0.7424546780460777,-0.310041119318335,-0.127645996351666,-2.366311496334577,-1.7843530605551257,-2.2244362045110493,-3.6755605654039676,-0.4678336301864717
1990,3,63,0.6622486517417476,-2.075225187359086,0.7124361500980774,-0.20007406387230875,-0.3461041609807808,-2.496711162956977,-1.1590152851165356,-1.7177286152914546,-3.080952375765407,-1.016276462282801
1990,4,64,0.6696009345710126,-2.103744957009632,1.0468588695293366,-0.20043203045198177,-0.1941679736141497,-1.0439879914432468,-1.3336584801677382,-1.719378058225719,-2.383525497112115,0.21915667351570847
1990,5,65,0.6703234011934899,-2.122405277398605,1.1005081586964631,-0.11890013998071808,-0.17923807678238887,-0.8109369426363032,-1.4479265129513423,-1.3436943818951552,-2.09212504699643,0.42660806566619147
1990,6,66,0.6612688072035772,-2.052470393182174,1.2850107815457283,0.09252423143915012,-0.3663528166430823,-0.009462581462465152,-1.0196743996016202,-0.3694904886481364,-0.8135648862871262,0.6682826329031996
1990,7,67,0.6852931531586888,-2.1310761743980033,0.8729252774128421,-0.3124864520782801,0.13011441852196431,-1.7995507713942287,-1.501023476022565,-2.235703839736943,-3.208838462458205,-0.20249389144694963
1990,8,68,0.6722819731403874,-2.311674815253829,0.8146056487768464,-0.4276203958719234,-0.13876385112959236,-2.052889647466018,-2.606934359856178,-2.766219482448275,-4.303797578542338,0.34900101392637
1990,9,69,0.6960754935643783,-2.322253406111274,0.8398078044911991,-0.3889671101887709,0.35293333479227645,-1.94341217045548,-2.671713245840212,-2.588112383695053,-4.172271095310278,0.45314358877484906
1990,10,70,0.6958510142839324,-2.054923091619054,0.9770013764872166,-0.009190471057114987,0.348294431909216,-1.3474470357890866,-1.0346937036409731,-0.8381727815496437,-1.8427808884406265,-0.30524087241459574
1990,11,71,0.6632081896557692,-2.161317351503213,0.8465106281513384,-0.1353560533487217,-0.3262751451940273,-1.9142952873016836,-1.6862078536131484,-1.4195201476873496,-2.8809839196003355,-0.2726887308498312
1990,12,72,0.6952349802287202,-2.0027511981722133,1.1005353786398677,0.028124351158893474,0.3355639823589914,-0.8108186999446033,-0.7152147500915407,-0.6662330716925252,-1.2604029636749345,-0.10723480264372857
1991,1,73,0.7260560763578869,-2.1150986857232508,1.1036651216413589,-0.061743030119414975,0.9724872271621584,-0.7972231817128232,-1.4031839876520897,-1.0803251280117008,-1.8986560123088394,0.37853335089666507
1991,2,74,0.6692608215647681,-2.0728998020617877,0.9186624084049441,0.04355669689181223,-0.2011964673000701,-1.6008699218880014,-1.1447755937367872,-0.5951237137978911,-1.8970756893510292,-0.4621732482805914
1991,3,75,0.6157435418171763,-2.171580018043583,0.9822369936184582,-0.005122798503481832,-1.3071402444786573,-1.3247036577773776,-1.7490521506154209,-0.8194297084990262,-2.227607432768116,0.15307963249167938
1991,4,76,0.6702318173319556,-2.068694757590075,1.1550195785303103,0.013051232967729115,-0.18113067300984187,-0.5741408217285533,-1.1190256521744695,-0.7356871763758647,-1.4036654744239014,0.3348899064793006
1991,5,77,0.6795739852019281,-2.009702747546548,1.1428368606333656,-0.15733039988529463,0.011926830470962425,-0.6270622159777393,-0.7577831441622409,-1.5207738196444736,-1.7039957885961725,0.16220797045741905
1991,6,78,0.6708343829868137,-2.0144053092924206,1.3103892629635803,0.09642691687797811,-0.16867855026603,0.10078084959462347,-0.7865796743687539,-0.3515076453122834,-0.6086619680397081,0.6071782909192964
1991,7,79,0.6733119075138347,-2.307592520589363,0.8456653296577079,-0.192436860110644,-0.11748008041873764,-1.9179672409016992,-2.581936087006201,-1.6825378111842069,-3.555630243656282,0.31072100981990214
1991,8,80,0.6636354470977117,-2.232757644107172,0.7513226069216303,-0.2647506198764002,-0.31744579677799895,-2.3277894551803158,-2.1236784611469455,-2.0157460682362083,-3.7214978720227307,-0.25212145272425623
1991,9,81,0.6785138327112397,-2.188542398516077,0.7439285533939707,-0.253991377248971,-0.009981402822417064,-2.359909022024673,-1.8529227062927098,-1.966169493948019,-3.55404981539349,-0.45072981149581676
1991,10,82,0.6879428536493881,-2.0307437692011825,0.9366254869602908,0.023674726744623648,0.1848709342286106,-1.5228387986035155,-0.8866296002848829,-0.6867361073584565,-1.7622603348633472,-0.5509084444943225
1991,11,83,0.6253450820603726,-2.067499916099959,0.8707068609763194,-0.14716200798048387,-1.1087227663599075,-1.8091875118850786,-1.1117089403647176,-1.4739197747905073,-2.5276260499776475,-0.5409250235618134
1991,12,84,0.6625718896154098,-1.9797407552482444,1.2204599635121343,0.0013931780556499537,-0.3394243948078522,-0.28986957431584354,-0.5743083780897472,-0.7894053092796657,-0.968472064382063,0.224025182852087
1992,1,85,0.6579254001152224,-1.8841338158601821,1.2898384163793262,0.12687014918730488,-0.4354448983292249,0.011508532576382211,0.01114871249648044,-0.21123093435604343,-0.11588811291045423,0.026858371637852298
1992,2,86,0.6821671135452406,-1.954802023905555,1.1154937958463225,0.0947972749451811,0.06551427303601388,-0.745839743604727,-0.4215939706601797,-0.3590167300259687,-0.8696666796500218,-0.2749940151383887
1992,3,87,0.6677649174614608,-2.184868362637407,0.8861932474321582,-0.2428004854858679,-0.23210958250531383,-1.7419150715267382,-1.8304244402672194,-1.9146039613119055,-3.1701611826044447,0.008672798955039805
1992,4,88,0.6593080135000086,-1.894427301519769,1.1732708413404858,0.13736826499077834,-0.4068729552790569,-0.4948578339015896,-0.05188430796024655,-0.1628575835506556,-0.40078355254779924,-0.3325711674450837
1992,5,89,0.6886679254565571,-1.8002140095726544,1.2950561701828718,0.1972130331202535,0.19985466764944523,0.03417431277981923,0.5250386659467678,0.11289589610103373,0.38792101594261535,-0.3122750090345803
1992,6,90,0.6610633300750122,-1.8546395598248726,1.1375994756911074,0.07218729851575623,-0.37059903679404604,-0.649813273312286,0.19175925643774666,-0.4631992654443955,-0.5293746794647065,-0.5685089163374306
1992,7,91,0.6972190143056515,-2.006932661124571,0.8162900076022997,-0.12052358906903683,0.3765643873018665,-2.045572838670727,-0.7408202882475623,-1.3511749311417114,-2.3705979756941447,-0.9686793479598587
1992,8,92,0.6825300130160111,-2.0879902433757445,0.8856498854423634,-0.07969791566185483,0.07301365292477036,-1.744275421189695,-1.2371831733944878,-1.163057876751971,-2.3745014786307115,-0.44933816018766976
1992,9,93,0.6146353715615558,-1.850417043286874,0.8171203786651852,0.24149809021622323,-1.3300407731310508,-2.0419657294227083,0.21761618965945304,0.31695314241481404,-0.8047140179713583,-1.7562684631727261
1992,10,94,0.5935226035382988,-1.7444370212498044,1.6741280475286138,0.5329367220775704,-1.766339750292476,1.6808522084260924,0.8665937195251816,1.6598477571424146,2.430038217203737,0.571465279166703
1992,11,95,0.659783831413945,-1.8098691804065778,1.1138010106467315,0.1509036295571845,-0.3970400963693733,-0.7531931563394342,0.46591441971817643,-0.1004891594727894,-0.2085160522211076,-0.8613326685059929
1992,12,96,0.6906588626546382,-1.6799906668404145,1.4574527340713725,0.42365280075164913,0.24099772677644096,0.7396205567917421,1.2612363615018727,1.1562879219634106,1.832025676244096,-0.34414961756823464
1993,1,97,0.6526418262176008,-1.710546878087868,1.304115890032683,0.276058022722917,-0.5446308603380793,0.07352948869498006,1.0741228459895664,0.4761988366186913,0.9448884498310074,-0.6648882198773787
1993,2,98,0.6696767706845352,-1.7752240178919982,1.0210771537725973,0.18659399112853772,-0.19260080730391513,-1.1559830614698645,0.6780669703436536,0.06396534007568926,-0.208369670038318,-1.3246707348472857
1993,3,99,0.6520571673006474,-1.7415719800481861,1.0669485152768736,0.21024924539551212,-0.5567129372677394,-0.9567191182800161,0.8841380389756851,0.17296431993723707,0.08540126352330227,-1.3106667852588696
1993,4,100,0.674604248468853,-1.7305941620454646,1.3241727551664135,0.5350825486660993,-0.0907736326333413,0.16065596376595764,0.9513616257780148,1.6697353240427621,1.649121969223021,-0.661559618164493
1993,5,101,0.5981268661615382,-1.7858085108567598,1.1890212026519522,0.2734875291615719,-1.6711918724353856,-0.4264386939705662,0.6132519423117714,0.4643544838687627,0.3992187160166412,-0.7656243424110131
1993,6,102,0.6843871621920716,-1.8049038777630262,1.3186047325825034,0.16411712987122115,0.11139195959961354,0.13646862553452926,0.4963198657891426,-0.03960382556872687,0.3348679543308974,-0.1971791486861669
1993,7,103,0.6632873102884561,-1.911345503195729,1.315247846984682,0.20989965816366438,-0.32464010373117275,0.12188640605981946,-0.15548433108153142,0.17135348746788479,0.08233541975764039,0.1707979425229358
1993,8,104,0.684094709318692,-1.7868442991878168,1.3238517063233801,0.2399790346925139,0.10534837074461817,0.15926133634873105,0.6069092058258515,0.3099536191558935,0.6234711370010617,-0.28917027135412043
1993,9,105,0.6600359771341762,-1.356929490730877,1.5564347954549207,0.5155374953828222,-0.39182946175664557,1.1695959316126254,3.2395284965398337,1.5796753802698864,3.4579920071945263,-1.286868731369188
1993,10,106,0.6577317447069112,-1.8084942650681577,1.3662713350119797,0.4819792373358259,-0.43944682060085083,0.343531046336554,0.4743338288006761,1.42504521431306,1.3277200616399625,-0.19517155790701113
1993,11,107,0.6285078791998323,-1.7322464443092471,1.3512070961168852,0.4907170740739858,-1.0433630202860977,0.27809240346761294,0.941243737127119,1.4653075289729312,1.5834208987567417,-0.540141974062489
1993,12,108,0.5983260636379107,-1.7004914180125448,1.5639957796357071,0.47611587196348987,-1.6670754223754627,1.202440640660974,1.135698296870905,1.398027925176058,2.161708041898531,0.0642874453584812
1994,1,109,0.5769139438221269,-1.7444996031060127,1.5074956416141934,0.44629838146840256,-2.109560555740898,0.9570055821901682,0.866210494293899,1.2606345152674012,1.7889923409954365,0.057121691833338616
1994,2,110,0.6528507493382915,-1.6225672453417852,1.4208854082200448,0.4903890511551809,-0.5403134281680155,0.5807730907019386,1.612873486351535,1.4637960608180165,2.1331291113557707,-0.721547319692082
1994,3,111,0.6996319496574476,-1.861166061047901,1.1525291300137992,0.08259110906689632,0.42642811075042614,-0.5849592621549412,0.15179368027561727,-0.4152604555737155,-0.48741689519789866,-0.49905820730559497
1994,4,112,0.6899838692461204,-1.7547769896478624,1.4797490189276072,0.245391412348556,0.22704887206432636,0.8364750100549889,0.80327605813128,0.334892841388548,1.1231777877951574,0.11151067226694203
1994,5,113,0.7592515988715491,-1.7150093101431767,1.2597807109830985,0.008699770330783414,1.6584784009909892,-0.11906131981251526,1.046796770029374,-0.7557379009624487,0.07344333727966054,-0.6524659865006253
1994,6,114,0.67417687081222,-1.839301722023849,1.2715083903937476,0.16819354866987388,-0.09960546530659554,-0.06811660033619261,0.2856817891780004,-0.02082045145966411,0.11335000723576011,-0.22750791532923081
1994,7,115,0.6723774792754376,-1.8104158561764119,1.356226458184171,0.09963861789829129,-0.13679020044631268,0.2998963753800595,0.4625668049137538,-0.33670872872134355,0.22449911236195658,-0.014530598029326837
1994,8,116,0.6423307046698092,-1.7179098032395854,1.5085481486254257,0.3835800073822846,-0.7577119579815983,0.9615776439388385,1.0290353579356728,0.9716399977362152,1.7087366460028368,-0.006290175398981716
1994,9,117,0.643106701059081,-1.6801072769330971,1.3574923947280648,0.3544705673054881,-0.741675859325692,0.3053955691971189,1.2605222898452344,0.8375091515021323,1.3989209792851927,-0.6430707341489171
1994,10,118,0.6523225406256785,-1.762766252216037,1.4089505437230665,0.3792593908786234,-0.5512289519300783,0.5289283648617709,0.7543531405164007,0.9517314063527977,1.3016852080275394,-0.16928608466581568
1994,11,119,0.6705406800507285,-1.738797256668538,1.408461951171669,0.3365474820379602,-0.17474797188152497,0.5268059321453233,0.9011292896885311,0.75492293247089,1.2646882564815694,-0.23878332945685785
1994,12,120,0.6937474147469898,-1.778306414796419,1.3747077205412244,0.31966622209711276,0.3048231862007282,0.38017847496520607,0.6591916550658646,0.6771372493595104,0.9983241531962197,-0.19338866305331737
1995,1,121,0.6695011162343211,-1.77281748298137,1.2690700695676564,0.399530559186201,-0.19623073668493582,-0.0787085994972283,0.6928035881685566,1.045137152120345,0.9893989215258724,-0.6134932304598347
1995,2,122,0.6954170773562535,-1.8361453694545566,1.333784925499068,0.3094997906240696,0.33932705077329284,0.20241096950998014,0.3050099781558081,0.6302922378078434,0.6694597498551972,-0.10620204646270073
1995,3,123,0.6954518551806667,-1.9259623137657214,1.1403234737802679,0.11239359333624081,0.34004574048762404,-0.6379802999125948,-0.2449915932607273,-0.2779361915418724,-0.6599850442547671,-0.3103449255718044
1995,4,124,0.6271685176788097,-1.7258993590813314,1.2652440539162209,0.3702193343491867,-1.0710411561434066,-0.0953287071288725,0.9801106444355474,0.9100765195154575,1.0624328678875075,-0.7886242882643287
1995,5,125,0.6255371468320704,-1.856005771796139,1.2276446469496596,0.2575952492838389,-1.104753714867078,-0.25865950543226296,0.18339314315202512,0.3911258356032687,0.20089061084086193,-0.36035567255175677
1995,6,126,0.5922816274989201,-1.7449933694539357,1.5056396910418182,0.3372567647235965,-1.7919847332746377,0.9489433835265758,0.8631868747602686,0.7581911742025274,1.4769576793351347,0.11183311118356842
1995,7,127,0.6603400464650568,-1.8411157501444,1.158622076020326,0.06577704415781821,-0.3855458168123513,-0.5584916708934479,0.27457343624361097,-0.49273651656765943,-0.4497856409827513,-0.5455337815846312
1995,8,128,0.6924128641147138,-1.7195833036237875,1.2907867602466292,0.2527399688271674,0.27724446818560444,0.015628112468971507,1.0187875383495537,0.36875361289341774,0.8159971815345386,-0.662863166239354
1995,9,129,0.63564969205826,-1.7285480023958093,1.2682242997411883,0.05728933214210546,-0.8957762310134684,-0.08238260055423462,0.9638914555480042,-0.5318463033672423,0.18246355962903774,-0.5989445742737595
1995,10,130,0.6088960683242527,-1.9715811597128048,1.142213995858153,0.1451980591700004,-1.4486444602125472,-0.6297679235720378,-0.524342412301961,-0.12677935888102718,-0.723288267291749,-0.14856192684636255
1995,11,131,0.6616509801274911,-2.0511410585944083,1.0297939243270704,0.1141802825699239,-0.35845514753504415,-1.1181176479393866,-1.0115341080584515,-0.26970346228844144,-1.3574308085774556,-0.20855079633456045
1995,12,132,0.691742451035935,-1.936351888605328,1.1957797166930493,-0.0600611305074375,0.2633902667741825,-0.397079893320897,-0.30861302384888634,-1.0725752497028034,-1.0477533342676686,0.009435223326092267
1996,1,133,0.5885212514475235,-1.5910452403991027,1.5825661044168908,0.5279359926827933,-1.8696935501933554,1.2831096249872809,1.80590112034242,1.6368053329755632,2.734872707028786,-0.31672100788299296
1996,2,134,0.6307548286371686,-1.774380191753531,0.8922520988017829,0.058429888959469406,-0.9969294242666961,-1.7155955864379846,0.6832342102861696,-0.5265908312356081,-0.872467845158942,-1.692545697685521
1996,3,135,0.6415200468684383,-1.657815775862307,1.5181775604582142,0.38162997653011893,-0.7744643406713738,1.003407546289165,1.397026161271685,0.9626546209067913,1.936808487454252,-0.20092700702417488
1996,4,136,0.5971047963108485,-1.7854231828260425,1.3066676324536148,0.21604960218714328,-1.6923131214327816,0.08461418817032225,0.6156115307394421,0.1996912773389789,0.5203026131537887,-0.3395060795273703
1996,5,137,0.5933436228766805,-1.8204134911419674,1.3929243086508516,0.1597124023599693,-1.7700384164034142,0.4593108368387737,0.40134545092898116,-0.059899984716964734,0.4455913315312341,0.11453748538280532
1996,6,138,0.6762543105571606,-1.9341312785490261,1.4302066534001543,0.19310409203836454,-0.05667481619257965,0.6212643255185645,-0.29501493242152593,0.09396266540385269,0.22982408038470173,0.653802338910799
1996,7,139,0.5817849656306895,-1.602233678172924,1.4761469970265955,0.4629545026642486,-2.008900053505199,0.8208279251655446,1.737387785754027,1.3373828012214517,2.259339936337178,-0.5976502930060218
1996,8,140,0.6452856182506449,-1.6264924917694987,1.4801464849523187,0.3360472388889113,-0.6966481613492078,0.8382015916250742,1.5888369115159422,0.7526179057603896,1.827902065076965,-0.4233024264687611
1996,9,141,0.6613175912293433,-1.9160115620982883,1.2118234104914452,0.1617633495805328,-0.36534468637233164,-0.32738652506757293,-0.1840573330736593,-0.050449604168597485,-0.3159429154420652,-0.1339301369099021
1996,10,142,0.6753522608669736,-1.9036557540988817,1.0322345123538001,0.04100882308247822,-0.07531582796061503,-1.1075158001206171,-0.10839550926175869,-0.606863838968352,-1.0401083319486524,-0.7205932566260256
1996,11,143,0.6813274508516332,-1.8778108415506063,1.2156153658360485,0.2490987735406806,0.048162499266795424,-0.3109143744797811,0.049867974579646285,0.35197566718949685,0.07194060035698964,-0.31350686954735796
1996,12,144,0.692289557694777,-1.5746289744173187,1.5453564845408687,0.5182285355695476,0.2746963198406492,1.1214720511733813,1.9064274982549518,1.5920751892852139,2.6763311809272508,-0.49917589128484924
1997,1,145,0.680802255819262,-1.7851467081056958,1.3930163667720066,0.1860632282842384,0.03730925372450671,0.4597107348060987,0.6173045468157946,0.06151968432732522,0.6432937958490973,-0.03332052133376911
1997,2,146,0.608986156703179,-1.5799211580279753,1.6238033158736356,0.5745580414013289,-1.4467827683900258,1.4622429467714735,1.8740203692392732,1.8516309988518547,3.0030729969362957,-0.24525352634765
1997,3,147,0.6064169047771611,-1.818034726297397,1.3969244654976702,0.2930342642923405,-1.499876800691087,0.47668740907329626,0.4159120164314936,0.5544221772797863,0.8374581503979958,0.04673769087935965
1997,4,148,0.6522923137718378,-1.6682852398407195,1.4182103451261807,0.3093035803053454,-0.5518535950559333,0.5691526895870664,1.3329155228595535,0.6293881374190723,1.4585939281211782,-0.4588634047732435
1997,5,149,0.6585284976618135,-1.8447309371001888,1.2110477566510445,0.09652108439335172,-0.4229817839514023,-0.3307559441935821,0.2524355365199257,-0.35107373904368117,-0.251057646494646,-0.3718011475649721
1997,6,150,0.6495560300508441,-1.6943368028203774,1.6935749919723895,0.32579071954574246,-0.6083993680866394,1.7653292046560694,1.1733865978158682,0.7053577861811031,2.07093368722569,0.5590519237278082
1997,7,151,0.6551601633455557,-1.8239668643032465,1.7545016919089715,0.21477032202854418,-0.49258899108322707,2.029993127347273,0.37958607314652054,0.19379659404068536,1.4507672588238913,1.3166644967214853
1997,8,152,0.6313090203770702,-1.907461726358839,1.387754501785177,0.1411761164659606,-0.9854769567833223,0.4368533368256499,-0.13170169875415755,-0.14531171735218407,0.07625878542226641,0.4376346141727709
1997,9,153,0.6616659381620388,-1.6526388313475942,1.6388781143276006,0.19964564218209782,-0.3581460371821858,1.527727460076126,1.4287276140439367,0.12410490290985805,1.7326053239213368,0.28478566197456245
1997,10,154,0.6134316627323154,-1.6443035609745262,1.55596839633355,0.48544938313167263,-1.3549156228153383,1.1675699065508678,1.4797693393946307,1.4410349960101523,2.3655937620632375,-0.18113587813571175
1997,11,155,0.6919715879414206,-1.8100511264496428,1.3200816370589008,0.27681416871817466,0.26812542027859976,0.14288425829603432,0.46480025790420876,0.47968301570124483,0.6364869453222153,-0.2337330399486047
1997,12,156,0.6376727915644033,-1.67667005903585,1.5348325219499248,0.5156240984531506,-0.8539685322667315,1.0757562447293445,1.2815703811523436,1.5800744309929153,2.2863763910771078,-0.14583583219282026
1998,1,157,0.6880904156777836,-1.7886007269893034,1.376529723882941,0.3306399627964691,0.187920328888084,0.3880932077847606,0.5961535732633528,0.7277021905770279,0.9973877367684081,-0.15411377723910918
1998,2,158,0.6648814370680795,-1.6206241707084337,1.723254885015218,0.6030764083735473,-0.2916972000508431,1.8942578504869902,1.6247720664014256,1.983038290957307,3.1778750280161283,0.2289588074888077
1998,3,159,0.5715308394165968,-1.664949998347463,1.7657135269987714,0.5777138409717477,-2.220803332789307,2.0786970331639676,1.3533391531267962,1.8661723320347912,3.0527841501046695,0.5540642964184231
1998,4,160,0.6999328820980684,-1.628305293627363,1.3685487164712817,0.42752215601657917,0.4326469313187624,0.3534239292780308,1.5777360677036882,1.174117186102334,1.8117340289548731,-0.8420632125063423
1998,5,161,0.6536926251451269,-1.9175979783548096,1.1249068095947816,0.04278226634396808,-0.5229159200338545,-0.7049498686302645,-0.19377188571959042,-0.5986921446731609,-0.8627498892589219,-0.35632864083836635
1998,6,162,0.6233559667184008,-1.7431999982172366,1.5134883796271965,0.2721303631992621,-1.1498281765175165,0.9830378726610622,0.8741687335385024,0.4581009173788388,1.3192912468431706,0.16676676286997294
1998,7,163,0.6393093163587138,-1.7883397589569325,1.4369941769943628,0.2666903706163666,-0.8201494663313474,0.6507491428756869,0.5977516328387954,0.4330344507368871,0.9632612119447715,0.0833088004387953
1998,8,164,0.6144034703260466,-1.7569575586695092,1.6287154515070388,0.2680995352363058,-1.3348330519901603,1.4835811299798363,0.7899231613289462,0.4395276172992438,1.5348593792105005,0.6094826829597924
1998,9,165,0.6938728400975424,-1.7503231467277733,1.3207843309167187,0.2773134541306746,0.3074151226107684,0.14593674124775613,0.8305495378034994,0.4819836293411593,0.8488363831388672,-0.4583895073227471
1998,10,166,0.6458393945840826,-1.769798822073057,1.3969739782439956,0.33128208802329906,-0.6852042783117535,0.47690249109282673,0.7112886107428497,0.7306609833204035,1.1138719029729154,-0.15694737511642604
1998,11,167,0.6458299522872315,-1.812591059502979,1.4255123180490896,0.32302884991360753,-0.685399404997825,0.6008722607959718,0.4492467653940648,0.6926316083511913,1.0089164157159798,0.10615434649786303
1998,12,168,0.6473783603687374,-1.6522174801897962,1.5535034951143012,0.5575620781610666,-0.6534012860659382,1.1568624428869607,1.4313077931035159,1.77331678442638,2.534265265097362,-0.19847645367626573
1999,1,169,0.6439497476641962,-1.5337812189727191,1.487199412872015,0.5794573632796602,-0.7242541564440036,0.8688393181329616,2.156562145516331,1.8742061561815746,2.8523683123908987,-0.8834153838439323
1999,2,170,0.6928080635077218,-1.7814653678787267,1.109565490225519,0.012341430092398666,0.2854113315146706,-0.77159214152136,0.639847541629082,-0.7389578150441554,-0.5077903062090519,-0.9083505207489722
1999,3,171,0.691965538479019,-1.7322854753694232,1.3672104275781205,0.1667121137907403,0.26800040709912115,0.3476104388292325,0.9410047271652955,-0.027646625836589476,0.7126180997725357,-0.3104815525882867
1999,4,172,0.6361540053455399,-1.6349399243523846,1.498019102731912,0.557339439570275,-0.8853545103197756,0.9158397557670904,1.5371083514913846,1.7722909075112465,2.4617206636694937,-0.45092497936169834
1999,5,173,0.6065358797090223,-1.8217703047659985,1.2538017248282733,0.5280136263609401,-1.497418163291116,-0.14503387258657904,0.39303688920869845,1.6371630544198303,1.1418407055354685,-0.5487259479120694
1999,6,174,0.5872484616683974,-1.584392558543664,1.5222700225495909,0.4654915868086199,-1.8959959695711717,1.021185089988335,1.8466393741617575,1.349073209637203,2.439075459673611,-0.511328773077421
1999,7,175,0.598158402610824,-1.8443678352925494,1.2701169886440447,0.1527231161323215,-1.6705401662947446,-0.07416081158510493,0.2546590208114191,-0.09210530621450519,0.04888170846475286,-0.2045799173328632
1999,8,176,0.6336944170576718,-1.9338341511489248,1.1763720333480971,0.12948598625062216,-0.9361823247045573,-0.48138634040846795,-0.2931954479331593,-0.19917764724411086,-0.5535622427324259,-0.16824312061408514
1999,9,177,0.6438482801817016,-1.805292791841606,1.35272170854511,0.366053650341665,-0.7263509993960401,0.28467183854333644,0.4939383178974237,0.8908818280477211,0.9814063057945487,-0.19016470554861178
1999,10,178,0.6220943690050582,-1.6366123363337224,1.5401771060352096,0.38073792518669314,-1.175899309933761,1.098972972217241,1.5268671968312464,0.9585442154416814,2.0611163692929932,-0.206805353516661
1999,11,179,0.6807777525614968,-1.6795056227442444,1.296546436317177,0.14179344895858464,0.03680288969453535,0.040647988218824316,1.2642065695973035,-0.1424671648831222,0.6589514401761416,-0.7354828841597275
1999,12,180,0.6478624489575985,-1.7993747966974851,1.5241225569635517,0.4105821544604417,-0.643397512238511,1.0292324489529543,0.5301776561855922,1.0960608326329118,1.5362287668702952,0.3408381484206371
2000,1,181,0.6426852620772653,-1.533288569439265,1.4198335710464627,0.4100609057857937,-0.7503849682639224,0.5762039387097505,2.159578926143143,1.0936590163958257,2.218097976102853,-1.0205023646366242
2000,2,182,0.671640210827308,-1.7236250447925663,1.6556514707293566,0.33228114998545516,-0.15202597954728125,1.6005904627762095,0.9940375982226004,0.7352644736682339,1.8959880250948138,0.5389279880285145
2000,3,183,0.6354892954328744,-1.6837153392633522,1.4149786722564766,0.361758496081554,-0.8990908548239908,0.5551143907880026,1.2384280183619596,0.8710905619122438,1.5439579147305231,-0.43960032888131756
2000,4,184,0.6685883451303387,-1.7302109265096517,1.2794336284156298,0.2607909088696452,-0.21509330831037687,-0.033689582537491894,0.9537084006381069,0.4058508362693558,0.774241558582726,-0.665137642946052
2000,5,185,0.5756097608953057,-1.7399690976115731,1.562336197512161,0.20029512827308057,-2.136511719907372,1.1952314611829602,0.8939534236527557,0.12709761313619541,1.2457184529526775,0.3580407991096376
2000,6,186,0.6214632272661987,-1.785090058004088,1.6766823414246197,0.3811395355240641,-1.1889419623611894,1.6919479914395625,0.6176514484516064,0.9603947606347806,1.8678901404254542,0.8166709533396921
2000,7,187,0.5622883440232954,-1.691834115123545,1.4154431699243595,0.305002832599944,-2.4118010874216944,0.5571321559876732,1.1887120152699948,0.6095710977356259,1.3574146989104803,-0.37645585354655087
2000,8,188,0.6146225086997431,-1.8838320273570672,0.9961508098527999,0.16213014101795123,-1.3303065863795107,-1.2642624195678818,0.012996739639038336,-0.04875949794317519,-0.7170337258673369,-0.9830881320819314
2000,9,189,0.6315033371734682,-1.930211676842722,1.0861873772146478,0.1221248577707406,-0.981461366813293,-0.8731460267804629,-0.2710129235096482,-0.23309634817547484,-0.7768138323642214,-0.48191828438725876
2000,10,190,0.5772739882391236,-1.6912488223086073,1.3682666442320381,0.3003028662492963,-2.102120176028712,0.3521986151645435,1.1922961047803136,0.5879145333283087,1.2336584355397004,-0.5351102809611515
2000,11,191,0.6979186015625619,-1.6530161038540117,1.5005688574165135,0.3385149859289114,0.39102147811482685,0.9269158205700306,1.426417354293137,0.7639888217894721,1.790646198505197,-0.25512333485815475
2000,12,192,0.6454949146316982,-1.6401956227241552,1.4963579148896629,0.5228032730382921,-0.6923230156896458,0.9086236010908278,1.5049246428879082,1.613154722466293,2.3424625311161544,-0.4178543879830705
2001,1,193,0.6752921805505502,-1.78490484614762,1.2303557930193847,0.1927209775310995,-0.07655739801785318,-0.24688236085444779,0.6187856087471233,0.09219734553069672,0.27450245110747357,-0.5859937777071086
2001,2,194,0.5301389082016511,-1.7291720987527117,1.439492385390646,0.393750758412134,-3.07617470010237,0.6616012920081468,0.9600697493026604,1.0185049129963786,1.5329519151044164,-0.20175502926329245
2001,3,195,0.6687525909111514,-2.0031918457928564,1.2050589528262265,0.022014170190153372,-0.2116991410418928,-0.35677114465830817,-0.7179130926554453,-0.6943876408569724,-1.0295607627622398,0.24998150711315473
2001,4,196,0.626411737645281,-1.9384233681275618,1.3673847571880564,0.1492787525116118,-1.0866801455076158,0.34836772189978926,-0.32129790197654456,-0.10797628847884443,-0.05812203629506325,0.48214414355686425
2001,5,197,0.6892156711312328,-1.7228909680752846,1.4662466991145457,0.45609278022909033,0.2111739260878637,0.7778213010755808,0.9985327784042648,1.305765269780687,1.793705477912496,-0.1692261040912173
2001,6,198,0.6159794351803269,-1.9860841215017369,1.2306978438593057,0.08193018468311364,-1.3022654676162189,-0.24539650133559082,-0.6131525119472131,-0.41830587131031616,-0.740341657471496,0.23896372632251275
2001,7,199,0.6567634608512244,-1.7685993456534326,1.5539223088512317,0.4938199303885691,-0.45945657277416657,1.1586817583366467,0.7186337049311461,1.4796049095518715,1.9486892984562454,0.279314837764625
2001,8,200,0.6784555744393674,-1.911182627457637,1.095152676312441,0.02800704545506278,-0.011185320016081312,-0.8342010120366528,-0.1544869478752413,-0.6667735943986091,-0.9527494273425532,-0.4729452051922051
2001,9,201,0.6651245287441314,-1.9247105597580298,0.9625360769772249,-0.2465757096894974,-0.28667366881604256,-1.410283902305779,-0.23732637288903297,-1.9319994871557657,-2.086974719329545,-0.71968931567964
2001,10,202,0.6698060587310912,-2.054532427753261,0.9308816418279887,-0.42049504360363793,-0.18992904761757565,-1.5477899051894326,-1.0323014407808873,-2.7333871941273844,-3.1052678161274105,-0.2392503327296178
2001,11,203,0.7290457491184428,-1.8107319625767577,1.2622111928690842,-0.12992948631513618,1.0342693282130968,-0.10850337279348327,0.4606311009298516,-1.3945155434613479,-0.6450124563301147,-0.20574475414801774
2001,12,204,0.6928322038039092,-1.7433930795506039,1.1735612226923569,0.2001063505857089,0.2859101948812986,-0.4935964252294873,0.872986383842934,0.12622776092019689,0.30508182593230265,-0.9389841485335181
2002,1,205,0.6752263773559602,-1.9546992887648296,1.0989812327791761,0.017024087378022426,-0.07791723233526315,-0.8175698671726507,-0.42096486343245054,-0.7173810075656231,-1.1268891722077885,-0.288883055681278
2002,2,206,0.6807708073500034,-2.025506577128093,1.1558049472805374,-0.08719846058414336,0.03665936570623669,-0.5707292012992417,-0.8545592165493784,-1.1976189825303418,-1.531682040393768,0.2279017570014528
2002,3,207,0.6585657298444552,-1.9640012055318643,1.1457761175298329,-0.16155372142487517,-0.42221237450276283,-0.6142941641904947,-0.47792592883377,-1.5402340940615726,-1.5486995204673437,0.0008982834010840258
2002,4,208,0.6550211851757846,-2.0202008713061885,0.9683730665256198,-0.10788962102304143,-0.4954609988300146,-1.3849281789169563,-0.8220692831420299,-1.2929599733536872,-2.018583517389772,-0.4126517414848531
2002,5,209,0.6231187134489616,-2.077980956179896,1.3182286523756468,-0.00038409376003467003,-1.15473105607696,0.134834943373887,-1.1758904660028402,-0.7975946448353085,-1.0842655908940608,0.9274207214549186
2002,6,210,0.6025194871616583,-1.9705148279011082,1.235953150693031,-0.09014731133003759,-1.580417605067931,-0.22256759179334748,-0.517812640257471,-1.2112067343016335,-1.1559417559676919,0.29081679148815853
2002,7,211,0.6426754371634058,-1.9961636614621097,1.4028320715006701,-0.08794288579664993,-0.7505880017961845,0.5023498884147921,-0.6748754180188651,-1.2010491544418616,-0.8412401340731157,0.9493589751888436
2002,8,212,0.7045009879394593,-1.96487033577147,1.5110979460791474,0.1683913066247877,0.5270476230692945,0.9726538945296704,-0.48324812055622196,-0.01990921985328024,0.24590950255777347,1.056487835658811
2002,9,213,0.6089647245477446,-1.9780336694732645,1.3196904116432362,0.17316356876143865,-1.4472256675628905,0.14118478576143015,-0.5638548955538795,0.0020804699913588697,-0.2437658981359652,0.4588545220417467
2002,10,214,0.5996189910534507,-2.1155868436446936,1.237135782290182,0.05713937010513703,-1.640356855282665,-0.21743027239271762,-1.4061732635170405,-0.5325373003382763,-1.2482575749732163,0.7657430733915731
2002,11,215,0.6729819825699068,-1.9263348143560557,1.6955335020899371,0.28689660282989743,-0.12429803604716239,1.7738369191864825,-0.24727263178423456,0.5261409831488133,1.1536458840365122,1.4674964644402613
2002,12,216,0.6610357694196893,-1.9306808363183463,1.3748213608515327,0.1387451696519517,-0.37116858246962986,0.3806721253735388,-0.2738858608024643,-0.1565130648344042,-0.04278892212216613,0.48351884264923883
2003,1,217,0.6587561028855683,-1.8595780194666582,1.3790922848232559,0.1967440367532853,-0.41827828291300656,0.39922490261321725,0.16151818573343407,0.1107348487082912,0.3792261056698154,0.19654312887472286
2003,2,218,0.7030421218320264,-1.8123678023128102,1.3657534888845533,0.15402628930132892,0.4968999044097956,0.34128153688375595,0.45061389947288044,-0.08610052840059433,0.3929671068558928,-0.004488616707220984
2003,3,219,0.6677668409758771,-2.2382835926612406,1.1630350105155707,-0.09041666839192726,-0.23206983274955165,-0.5393220038130634,-2.1575170693473678,-1.2124478811789032,-2.2689649086892993,1.061806110711495
2003,4,220,0.632282103278231,-1.990851908494206,1.6087295186790862,0.14516118501289957,-0.9653680315110857,1.3967627829104123,-0.6423484544071638,-0.12694926808859192,0.32278650305878503,1.4967211210372002
2003,5,221,0.6308730563542434,-1.9616148053636933,1.3418699744990297,-0.0031361386237322066,-0.9944862281886142,0.23753220183846321,-0.4633126077885159,-0.8102755519729264,-0.6278303515819945,0.5668030808400718
2003,6,222,0.6730370215639002,-1.8876057652619238,1.3904717954833443,0.14729411733740627,-0.12316064578375117,0.44865718653373604,-0.010112060083591046,-0.11712111554112464,0.16947751869746047,0.368094112469493
2003,7,223,0.579728897838952,-1.832924784275881,1.3736732752294534,0.10953653442115455,-2.0513890475357996,0.3756848727463462,0.32473150089004654,-0.2911009837539569,0.21504866774094047,0.12435318500767728
2003,8,224,0.6019017589571405,-2.016543622365385,1.4126378010378526,0.23123008606240664,-1.5931830645045137,0.5449457100637746,-0.7996738133347435,0.2696401029797366,0.006078701096985923,0.8868101413404728
2003,9,225,0.6243896155502381,-1.9499110866827214,1.3858472766290442,0.0844769226519213,-1.1284676458861023,0.42856840276877756,-0.3916439074634323,-0.4065709798802013,-0.23607344023050497,0.6230901795902795
2003,10,226,0.6306115598509915,-2.083356052692904,1.3764299787444403,0.09804304105813012,-0.9998900983383938,0.38765991762375623,-1.208805319111493,-0.34406084787024177,-0.6880571644918184,1.0906195736269695
2003,11,227,0.6417768595443655,-2.1956427030813623,1.5103372607456698,-0.12154530008058106,-0.7691572626176731,0.9693494981894549,-1.8964020152181358,-1.3558827840658336,-1.3777777856984381,2.0871594051794093
2003,12,228,0.6536490934412719,-2.181925628228634,1.4809950030868546,-0.04345414480486904,-0.5238155101702657,0.8418875312573643,-1.8124043599638928,-0.9960533708962647,-1.1807101035668186,1.8938846245730827
2004,1,229,0.6828571683128587,-2.0297131947967024,1.3262529156161582,-0.06821215513682218,0.07977437332061342,0.1696921240213068,-0.8803187917144868,-1.1101336441044087,-1.086257115905572,0.8079727158665264
2004,2,230,0.686846673686409,-2.0128387661258587,1.339078538044581,0.07839799910131966,0.16221818703289345,0.22540627801940546,-0.7769868162515157,-0.43458152071792894,-0.5852573363437394,0.7076806270586489
2004,3,231,0.6340285839804014,-1.9536832998532732,1.6794417357315408,0.26767768332002784,-0.9292767078556678,1.7039347250437407,-0.41474337034800657,0.43758380270279135,0.9654972781429232,1.5275110757313528
2004,4,232,0.6191460810394224,-1.8632449481440634,1.363924658864013,0.17237545394914544,-1.236826187090147,0.333337149157596,0.1390634412493859,-0.001551015410751868,0.26181232730784576,0.17255697108349405
2004,5,233,0.6079942208823199,-1.9587302843790875,1.4483754315759436,0.1692898108819539,-1.467281292485676,0.7001890023436013,-0.44564900225746085,-0.015769080570604926,0.12020755998236438,0.8213230267178223
2004,6,234,0.6505636254649646,-1.989648786137246,1.267427187073854,0.13357843443841222,-0.587577235806823,-0.0858452362391336,-0.6349810340166208,-0.18032041271300173,-0.5202693661931167,0.3482814457845853
2004,7,235,0.6122823273978981,-2.1340063205324165,1.20473866658373,-0.047426081472728795,-1.378666834890864,-0.35816245935960295,-1.5189664709748767,-1.014355310921311,-1.683453104754932,0.7831625854717839
2004,8,236,0.6694627328226539,-1.874879513114144,1.519605230203531,0.23126233624785436,-0.19702393647910335,1.00960930472178,0.06781820945745222,0.26978870579222275,0.7578835024242008,0.7094406214448262
2004,9,237,0.6563785880646824,-2.0772196271685037,1.2410497884491811,-0.017188909743230358,-0.467410035007094,-0.20042793639624193,-1.1712284041186147,-0.8750280885115682,-1.312984175309921,0.6735534009754506
2004,10,238,0.6751977443995677,-2.2386728737561574,1.0003608666115715,-0.1742704079121151,-0.0785089372966124,-1.245974047841054,-2.1599008646943267,-1.5988302029295909,-2.893894900540697,0.5605326837936399
2004,11,239,0.6889882635360539,-1.893464829818483,1.5980816154996778,0.2513893324281607,0.20647450907792889,1.3505085819306824,-0.04599053198945337,0.36253013340788365,0.9365680723563591,1.0335478608215287
2004,12,240,0.6835461351132093,-2.0314737352776344,1.7386060596038966,0.33817253477508885,0.09401199057477981,1.9609429341824178,-0.8910996086135833,0.7624108710307191,1.0319268601867655,1.984012752230776
2005,1,241,0.6583304721472667,-2.0877997059920577,1.4038127217922372,-0.024497235888806954,-0.42707401521892147,0.506609806533196,-1.2360164017875819,-0.9087034861789471,-0.981995845529225,1.266172609109398
2005,2,242,0.6444391538005038,-2.1274740243457426,1.293652647767951,-0.17376353637310335,-0.7141404945853457,0.02807744969180373,-1.4789654088681328,-1.5964946338399673,-1.802694812448287,1.1264568719110508
2005,3,243,0.667402275483678,-2.101433079884543,1.5015039915313197,0.022920628635886446,-0.23960364125725675,0.9309780176580826,-1.3195015072104352,-0.6902108501635943,-0.6635359079243668,1.6214426826646215
2005,4,244,0.7077906653601495,-1.9131228249368222,1.632290563475542,0.17770320446963211,0.5950293719454778,1.4991113188564575,-0.16636790943092916,0.022998260836116988,0.7426596386089503,1.2633900393271882
2005,5,245,0.7373169712194796,-2.032219744517675,1.343727242149921,0.022907498003338318,1.2051955534518768,0.24560012185520463,-0.8956678585964833,-0.6902713536583583,-0.7977226443883542,0.8269960936698002
2005,6,246,0.6682930425966853,-1.9510625149398273,1.679839751363811,0.1601498867950132,-0.22119578588433728,1.7056636940940704,-0.3986947747094574,-0.057884138402783884,0.6740024559461115,1.577173519413091
2005,7,247,0.6251867498616194,-1.8727646926348942,1.6528987540175832,0.25184274108688554,-1.111994728439521,1.5886327364632153,0.08076848956074324,0.36461935556139047,1.1412310928442186,1.1394425999014088
2005,8,248,0.7179464935726113,-1.9020607586472644,1.455165564973958,0.2837776293439615,0.8049013061439334,0.729685156617272,-0.09862842119703305,0.5117693376638243,0.6561239566892542,0.5670197622471135
2005,9,249,0.6668657390691962,-1.9329563383914377,1.118733406193666,0.020053770809341443,-0.2506912584086605,-0.7317669646192999,-0.2878200880861936,-0.7034207939238593,-0.9950551589946225,-0.306508249673482
2005,10,250,0.6828006346016291,-1.7707030184358676,1.6388575179893423,0.1438086481850116,0.07860609446880946,1.5276379901445165,0.7057516886817727,-0.1331815043943663,1.1622607922502548,0.7631991166228316
2005,11,251,0.656391949439138,-1.93595546567658,1.380328170617131,0.12634172505192576,-0.4671339199092519,0.4045935567918585,-0.3061854948850695,-0.21366581377185923,-0.08291667707100189,0.5288225820241269
2005,12,252,0.5750862598461998,-1.9628763995679628,1.5877099779249053,0.19820008468242603,-2.1473299589945563,1.3054544712020855,-0.47103808542705966,0.11744404477588256,0.519406215843559,1.290937758289466
2006,1,253,0.6613212833333608,-2.0130787977240785,1.492994024242619,0.2776773897955152,-0.3652683884087183,0.894010951873365,-0.7784566698211625,0.48366057670157053,0.34034035024115966,1.1192767531121441
2006,2,254,0.6204741840845507,-1.7785727994494045,1.6299351419650265,0.3644777203155903,-1.209380709570754,1.4888794320611254,0.6575604263610033,0.8836202377373119,1.732388536015242,0.6434252286911936
2006,3,255,0.6561170782874467,-1.756649585308195,1.4464139791730755,0.18178849471223266,-0.4728141794660285,0.6916685066060096,0.7918090619680335,0.04182251289683047,0.8586236737504839,0.04075201363644339
2006,4,256,0.6455795150369168,-1.7245261028540808,1.479048218870679,0.2288537417768432,-0.6905747337863127,0.8334307537226766,0.9885198938120204,0.25869035371883536,1.1811060368913917,0.003265277302079641
2006,5,257,0.612452293952467,-1.8652553911197556,1.7468167173687712,0.1066617480222459,-1.3751544468502062,1.9966098075595846,0.12675232552000573,-0.3043474608902592,0.9845001682972143,1.5061021564496182
2006,6,258,0.6880552820649929,-1.866242124855002,1.4404679171579995,0.3131273724894949,0.18719428674582703,0.6658389753969793,0.12070997895480626,0.6470074554179808,0.8288652602018804,0.36560195004261126
2006,7,259,0.6179021653531666,-1.8690112643101973,1.4181839158050225,0.3416989108640719,-1.262531918379887,0.5690378813368396,0.10375292187042755,0.7786597513838649,0.8461113869563929,0.28553703033850053
2006,8,260,0.6263296892152836,-1.9810521668040255,1.4185399362509024,0.09448212664717318,-1.0883756904047188,0.5705844244429479,-0.582338916447349,-0.36046887434030495,-0.23907183259825832,0.8460640051481392
2006,9,261,0.6892237372026387,-1.906572140422665,1.3344266383616712,0.14453035740759193,0.21134061283875458,0.20519855268180415,-0.1262542448627107,-0.12985600350859677,-0.038523253989842854,0.25273097707530495
2006,10,262,0.6136834273408114,-1.910214347466739,1.2220441075891546,0.026532033481633105,-1.349712863942071,-0.28298809565429367,-0.1485576043571628,-0.6735701732293792,-0.6505704538710355,-0.04821261047555243
2006,11,263,0.7004153615449354,-1.5471103223964353,1.5754448837192998,0.5998289792816611,0.44261745195052576,1.2521752365149688,2.074940265760329,1.9680747461061963,3.0734769104051853,-0.5464749476428085
2006,12,264,0.6253238639402897,-1.7989236973359906,1.5047433216072503,0.410510109261141,-1.1091612424554755,0.9450495791521365,0.5329400008588585,1.0957288618521681,1.4913437647959822,0.27385886056864983
2007,1,265,0.6035127560818262,-1.6199813145059483,1.653842566965876,0.5321767426963157,-1.559891532246114,1.5927326341672094,1.6287086501304033,1.6563459145353696,2.8155400498053704,0.031028380549376476
2007,2,266,0.7269186124987195,-1.6079196093330343,1.554696006479983,0.4276219235387898,0.9903116846466273,1.1620426797326087,1.7025695106834269,1.1745768961532828,2.3278236482911536,-0.2922157746555867
2007,3,267,0.6724270784122686,-1.8290673693783834,1.4624553935478684,0.21612264454040309,-0.13576522576541733,0.7613519731053757,0.3483527036764503,0.20002784281834984,0.7394968323836206,0.3511335585806786
2007,4,268,0.7012350714861819,-1.87138551025902,1.4521354776945306,0.263357447374209,0.45955689866546745,0.7165225401239322,0.08921402820401801,0.41767696485861416,0.6990875438836937,0.4514178649874753
2007,5,269,0.6853158812862736,-1.8251234861272607,1.560736029742826,0.28065130844797265,0.13058409918189223,1.1882803760390572,0.3725034026591056,0.4973638366898451,1.168947615038361,0.6323860814808587
2007,6,270,0.6649744751555269,-1.9295790511111994,1.4148101742920123,0.13359892178312838,-0.2897745519951427,0.554382440226311,-0.2671389869253606,-0.18022601086684398,0.04209968835159335,0.6168824273262628
2007,7,271,0.664891777754603,-2.09704846139682,1.2084474861969172,-0.052202355851297254,-0.2914835079878989,-0.3420514481214773,-1.2926519291402316,-1.0363634884250146,-1.5585063779907122,0.6579407848181643
2007,8,272,0.6666655325374918,-2.029289240536963,1.3171059123539988,-0.09338563363619075,-0.2548285607703138,0.12995779134364288,-0.877722672342428,-1.2261283167902388,-1.1772224788235564,0.7891807314507213
2007,9,273,0.7237974286698171,-1.9344850251845223,1.378465129409638,0.22993906680390333,0.9258118847822605,0.39650055660271755,-0.2971811295338675,0.2636913281083993,0.20838996228701817,0.46082103706166094
2007,10,274,0.702668355193842,-2.0005361392930463,1.3612398255782312,0.09489894162873533,0.48917595264007485,0.3216743065955244,-0.7016506517617055,-0.35854826899535575,-0.44296017381191266,0.7267132533062333
2007,11,275,0.6692797299190201,-1.8345285521590213,1.4694921768216753,0.138876350021619,-0.20080572291208335,0.7919195677118805,0.3149106941071001,-0.15590861026755728,0.5204764250839453,0.4374406299701874
2007,12,276,0.6286768900879633,-1.817461933721135,1.3865611722996722,0.36066879973829785,-1.0398703812565073,0.4316695460898069,0.419419559684673,0.8660694453166126,1.004447568229499,-0.027012084630035176
2008,1,277,0.7155356237904753,-2.1306235723559435,1.079001233826922,0.09694761511322628,0.7550802680471458,-0.904362437647893,-1.4982519295591619,-0.3491083653968273,-1.5667854413727276,0.2683615733284805
2008,2,278,0.7032420987190175,-2.101526483156562,1.1676418826654353,-0.014606831618455215,0.5010324611240099,-0.5193098768508421,-1.3200734699595567,-0.8631303562637166,-1.5661504800801849,0.517057680562283
2008,3,279,0.7509774304269824,-1.9058441139968212,1.579327071130747,0.2618595135153171,1.4874912890571508,1.2690393527399655,-0.12179611414675538,0.4107747662740384,0.877792164157024,1.011670551240769
2008,4,280,0.7443901727882002,-1.8623536858982683,1.0028364797222173,0.1569766726253395,1.3513644786392294,-1.2352200520130954,0.14452116016301605,-0.07250571479647039,-0.6402747487804097,-1.0393067761667685
2008,5,281,0.7163766524598779,-1.7115261834360915,1.5278835870116525,0.31160002030663303,0.772460269940767,1.0455702608962558,1.0681259877736657,0.6399697027080604,1.575350136765763,0.07363991634473464
2008,6,282,0.7322840934341168,-1.815417140444607,1.310069777556386,0.29959526778444273,1.1011902696580425,0.09939301370003832,0.4319410223545254,0.5846540521705003,0.6576883644212694,-0.25944546827734005
2008,7,283,0.7419760852747149,-1.891833208784858,1.2087182432735952,0.13909526702024694,1.3014769455714879,-0.34087528676554313,-0.035999164109678565,-0.1548998817518756,-0.30222761499420553,-0.22390178120269505
2008,8,284,0.7254883261470102,-1.9480468134134998,1.5587686613083929,0.1622570598885967,0.9607545715475162,1.1797341812217121,-0.38022787415829745,-0.04817467956543107,0.40145032307289813,1.1565872566230704
2008,9,285,0.8144150167395282,-2.011548628761582,1.0220578100388589,-0.12288000719636442,2.798439905139354,-1.1517231173975506,-0.7690865521851145,-1.362032864398618,-1.9021581083529362,-0.25646467960149666
2008,10,286,0.7830805936496971,-1.9210810351949081,0.9993548435973857,0.07724403721079863,2.1509086705339704,-1.250344184374449,-0.21510067562754517,-0.43989876091523683,-1.0780107628649458,-0.7848761790899067
2008,11,287,0.7879794333099064,-1.7688205252151645,1.3387718093141305,0.33385030577419433,2.252144033451458,0.22407385678064415,0.7172792933838511,0.7424948495621511,0.9855595232381382,-0.3581876806472852
2008,12,288,0.7083873937648141,-1.9127481542240166,1.1420799407680875,0.1001955394499846,0.6073608669115358,-0.630350255226803,-0.1640735819809446,-0.3341425385501294,-0.6437098048341845,-0.347982347301413
2009,1,289,0.7340320337611528,-1.9212206495443311,0.9672061027644144,0.21034827847533188,1.1373117567119861,-1.3899974376655935,-0.21595561577457267,0.173420645815246,-0.7818752755651855,-0.9648147158250215
2009,2,290,0.7145230251384325,-1.896067256005355,1.3273511304285457,0.3489183078215507,0.7341547429963962,0.1744627392114713,-0.061926706430173284,0.8119253800133305,0.5547231528528871,0.07824541251212754
2009,3,291,0.7532532883800768,-1.8705817372493798,1.2951840333548594,0.33323544566470337,1.534522284519516,0.034729746911344755,0.09413599946183276,0.7396616893713667,0.5232341137263442,-0.11840950662800559
2009,4,292,0.7301597997284404,-1.6764045047531786,1.5563127356704163,0.6694676937669604,1.0572913753986002,1.1690657072380342,1.2831965250151285,2.288956895674317,2.7701344272825685,-0.15782821344073358
2009,5,293,0.7477381094257279,-1.6934088544801702,1.4526588409280674,0.5370439772425848,1.4205501642369476,0.7187960157351897,1.1790689670973165,1.6787732194504936,2.091642494907075,-0.3708113750599041
2009,6,294,0.7130297248276151,-1.8028093969714456,1.3588320429687046,0.2650863009639527,0.7032954356101371,0.3112149646142867,0.5091455941136351,0.4256431983002527,0.7214697354202942,-0.12428602142915035
2009,7,295,0.762981899221319,-1.776536903331899,1.5138442127868452,0.19308522796368266,1.735565698370313,0.9845836022008906,0.670027406533359,0.09387574328189403,0.9816063568311628,0.3373632326691752
2009,8,296,0.7697704340457682,-1.9467548777877222,1.3353544731755282,0.17026745567991974,1.8758519363979016,0.20922904180562793,-0.37231659828717656,-0.011264276502867697,-0.10490271372025307,0.39446186060686755
2009,9,297,0.7648807182479246,-1.6908666690841112,1.4074324695106912,0.2470840192994511,1.7748051196631573,0.5223338918901212,1.1946362520165252,0.342692057109163,1.179211909461009,-0.3757368043239063
2009,10,298,0.7661483366284405,-1.7214975384018187,1.4167343062253481,0.4330878012289202,1.8010006712005442,0.5627408168622053,1.0070655615660875,1.1997626365198102,1.6158567580215824,-0.3289004304789187
2009,11,299,0.7212558800296102,-1.7711497240694334,1.4853085019407077,0.3817178623917046,0.8732903456403153,0.8606252526237453,0.7030162493690012,0.9630595824916035,1.4614949488557925,0.1185264010482473
2009,12,300,0.7192358154566171,-1.7528430110045945,1.3639103918203355,0.40888437794292587,0.831545364308353,0.3332751735090077,0.8151189381250404,1.0882377965178243,1.3120321437401283,-0.37479335410963727
2010,1,301,0.8426422834067044,-1.7589935240805765,1.0920285667751064,0.08094543430442441,3.3817612186395762,-0.847772058653795,0.7774557568316688,-0.4228434165627996,-0.2784782007260233,-1.089938468422067
2010,2,302,0.8468749162945061,-1.8434042310132577,1.185905759968964,0.26574297167290184,3.4692293041892026,-0.43997209200882426,0.2605597322183678,0.42866901390014445,0.16825648173041702,-0.5532672433908974
2010,3,303,0.8334513775971737,-1.8428395024273072,1.2372332159435644,0.15280157718547724,3.1918295716159353,-0.21700702326001975,0.26401789495234523,-0.09174377238120468,-0.024045719212447622,-0.32123913432625567
2010,4,304,0.8518422811650929,-2.143793351499089,0.6688587057946611,-0.19508571694366272,3.5718807523478358,-2.6860103923950485,-1.5788981737560754,-1.6947432472086854,-3.4112356554655703,-0.9055154563950402
2010,5,305,0.8124113634700091,-1.9766069522198773,0.7931701943774512,-0.06489972894765567,2.7570340662122,-2.1460046767047185,-0.5551182731119986,-1.0948706048062051,-2.163506581501253,-1.191863611256594
2010,6,306,0.8057546836083898,-1.86839186423237,0.709249490403616,-0.13346977814908678,2.619472633636599,-2.510553925750563,0.10754587005802423,-1.410828544960196,-2.1770369086567607,-1.8483399424288798
2010,7,307,0.8116720782971083,-1.8159651693454286,1.13855005579647,0.06232987136629959,2.7417566111474776,-0.6456839792625613,0.4285851215393141,-0.5086204429647894,-0.4192515345904979,-0.7067888268543521
2010,8,308,0.7474519588560128,-2.0627016108903433,1.1578760333367637,0.10615549012676613,1.4146368135695528,-0.5617324599618237,-1.0823261170493086,-0.30668020242545335,-1.1146800195645998,0.27130866459135217
2010,9,309,0.7596389834572571,-1.757888929839762,1.246005273143843,0.3085104008520923,1.6664837699850648,-0.1789014460481585,0.784219832061404,0.6257333151002765,0.7313210719738122,-0.6985691884445678
2010,10,310,0.737017077395728,-1.847443709572049,1.0776039696718744,0.21370848342003512,1.1989981960795166,-0.9104321150257192,0.235823647372933,0.18890384066763544,-0.25040486418513724,-0.8746977327064199
2010,11,311,0.7037725013550543,-1.811760844900399,1.134855907354719,0.2662041930329072,0.5119933226904159,-0.6617312593321383,0.4543306539580093,0.4307942355174461,0.1585507698593919,-0.8456815433900376
2010,12,312,0.7063811314978858,-1.8675028957220745,1.4103822565213802,0.3447812079948823,0.565901112604847,0.535147686206326,0.11298954309045865,0.7928623990957334,0.8414178520672904,0.25184957434894195
2011,1,313,0.7182161983730555,-1.6613334917535538,1.453228239806791,0.2712445740811599,0.8104748021649054,0.7212694689334728,1.3754851337648952,0.454019367074795,1.459788391023773,-0.34662439702955594
2011,2,314,0.685895155129624,-1.8151466592760896,1.0946621658871412,0.2714369096309709,0.14255489264069923,-0.8363317759450202,0.4335973364149067,0.4549056132543501,0.06541284913226598,-0.9711113827528174
2011,3,315,0.7547493855123849,-1.7610501931866342,1.000976587468992,0.08807568630407056,1.5654393887022144,-1.2432993732307878,0.7648615715263134,-0.3899885511977613,-0.48304862153210604,-1.3928289481716498
2011,4,316,0.6655544210867976,-1.9763090375687886,0.7086240870436544,-0.049698559741252514,-0.27778986972403397,-2.5132706608877684,-0.5532939678263601,-1.0248264650349423,-2.321656057066047,-1.4861428517646598
2011,5,317,0.6749728023652753,-1.7963627320364162,1.3029960538588787,0.20506908767647716,-0.08315740306738457,0.06866495090056397,0.5486222860881285,0.14909512366801633,0.4424066458647601,-0.3043969941227492
2011,6,318,0.7137853072777551,-2.021018756258752,1.037490198737422,-0.02219501749057262,0.7189096767079455,-1.0846852418239754,-0.8270776700627575,-0.8980952951194086,-1.6160650204459182,-0.22306915636962443
2011,7,319,0.6819510862679248,-2.0266340410962282,0.8691244998347147,0.021251465187517082,0.061050032249204425,-1.816061245523814,-0.8614633364673489,-0.6979020426166999,-1.9158014286052434,-0.7926680279274574
2011,8,320,0.7750172088536984,-1.9105593829415108,1.049557526582559,-0.025487947114790795,1.9842774388983146,-1.03226509881247,-0.1506704579481457,-0.9132684978990022,-1.2094730762729502,-0.5999719447566597
2011,9,321,0.6892887436668943,-1.9923405222220754,0.8558787749705101,-0.020024212198272644,0.21268398258697221,-1.8736003130442578,-0.6514641050879963,-0.8880926310318324,-1.9430498377014158,-0.9451300993386255
2011,10,322,0.7617597452255106,-1.8722830778438755,0.8480147130111129,-0.07363233748864777,1.7103096761510772,-1.907761583696159,0.08371769801922797,-1.1351088289130273,-1.6915500965337449,-1.398371355374448
2011,11,323,0.7504925768739636,-2.204738114457173,1.0733814403073685,-0.07502854114725553,1.4774717071140282,-0.9287746674116549,-1.9520985275827167,-1.1415422737937986,-2.3222919831742033,0.6239915095646222
2011,12,324,0.7348130472900857,-1.9514474141711453,1.0637590405670303,0.02456793029314061,1.153451535420647,-0.9705741094236391,-0.4010517373481386,-0.6826203927481516,-1.1784189575276458,-0.42401139796487514
2012,1,325,0.7081205834224203,-1.9302765630963266,1.122355113110744,0.1629217114961152,0.6018471853632782,-0.7160343685569909,-0.27141025991114287,-0.045112089480149345,-0.5762593163136052,-0.38189930088563884
2012,2,326,0.698370847881169,-1.9776933500455647,1.2841109098810717,0.04900136046750151,0.4003672259587823,-0.013371599428883761,-0.5617709210716255,-0.570035724096254,-0.6758002756307736,0.40494902119231785
2012,3,327,0.6981679406798337,-1.9150376439722159,1.2988136365279577,0.18429424057034735,0.39617411379538603,0.050496644094427445,-0.178093463963226,0.05336852036072462,-0.04165983329824134,0.14330951772087283
2012,4,328,0.7791622826122608,-1.9257564093737574,1.4422690208417774,0.23753916085448598,2.069936100004584,0.673662920672506,-0.24373072049323008,0.2987111376194675,0.4126089225933286,0.6385763954725634
2012,5,329,0.7202030815204588,-1.961796376971326,1.1432922936295675,-0.040754981565695514,0.8515340836383908,-0.6250838274646036,-0.464424476715794,-0.983616132377106,-1.20804989740361,-0.08130497114602488
2012,6,330,0.7200782811447705,-1.9760578545492147,1.010300010894097,0.07369875928910302,0.8489550624412562,-1.2027986761773153,-0.5517558275952673,-0.4562347373722726,-1.2544511420207236,-0.537354626489948
2012,7,331,0.7310762167170595,-2.313897285927767,0.8409728516549444,-0.1261530456204324,1.0762292898562134,-1.9383512373539327,-2.62054384493127,-1.3771144122545265,-3.4029891711666864,0.28292345250702944
2012,8,332,0.7092175642388024,-2.032825871532746,1.137871300490372,0.0810112519538525,0.6245164823321074,-0.6486324737985589,-0.8993795280740376,-0.4225401411651404,-1.128292253502929,0.1040995206319413
2012,9,333,0.7125761768197121,-1.7788277800956824,1.212236903768885,0.3521297122262696,0.6939227881333262,-0.32559032154879436,0.6559990310451281,0.8267229298551827,0.6996996597498324,-0.7565094087684514
2012,10,334,0.7210968536500008,-1.7635344025876967,1.1633380158550977,0.24800546224805126,0.8700040381940894,-0.5380057568829151,0.7496493074619901,0.34693789358441307,0.3444686930341037,-0.9229269758878035
2012,11,335,0.6963503134278767,-2.052829497078204,1.1214355715232722,0.10505097025788983,0.3586125344697381,-0.7200288321316031,-1.0218734023469602,-0.31176962304996164,-1.1701821674570925,0.11162820335051352
2012,12,336,0.6426842976392039,-2.0425559258858548,1.2284212868468376,0.12472133375040581,-0.7504048985420966,-0.25528580290250863,-0.9589623297961508,-0.22113227330972116,-0.8236050048633,0.42249487270757136
2013,1,337,0.7012143933984711,-1.893866265903177,1.200150138471357,0.2501233887782693,0.4591295824316165,-0.37809490032331133,-0.04844875943304231,0.35669690224312656,-0.018358939890022255,-0.3052246212185051
2013,2,338,0.6568782386869878,-1.9882000554740031,1.101449098984115,0.26508516316442904,-0.45708466908587636,-0.8068495236917788,-0.6261096106181309,0.42563795553321393,-0.54253654682151,-0.2878106886600254
2013,3,339,0.7143189940397561,-1.9663718014061549,1.138980982908588,0.17058886646302468,0.7299384053014254,-0.6438120436414653,-0.4924424709634636,-0.009783275830477962,-0.6415300304309668,-0.1929934751678165
2013,4,340,0.7124605021139925,-1.981618212758419,1.0531368243279635,-0.117051880279481,0.6915323504733606,-1.0167167270351607,-0.5858051461971812,-1.3351779474624335,-1.7067471755127455,-0.26851951037784694
2013,5,341,0.682159301964562,-1.8961303345120895,1.1149562215207673,0.16382411495249824,0.06535284537970892,-0.7481749518120908,-0.0623129729424955,-0.040953983417995964,-0.47175157715610616,-0.5369559492824759
2013,6,342,0.6676599767388298,-1.8582359904572965,1.273804649317135,0.21939005032149633,-0.2342782005612719,-0.05814171420562924,0.16973621262909847,0.21508343651070375,0.19610295922107587,-0.17563102397624086
2013,7,343,0.6614142867793334,-2.143477307730063,0.9544133447371735,-0.018968530602336903,-0.3633464562250441,-1.4455688296013651,-1.5769628533002995,-0.8832282480192071,-2.234404176577477,-0.03986996058965256
2013,8,344,0.6832993799474493,-2.021608735488469,1.1867208934132216,0.07846351076147336,0.08891275269598559,-0.4364311745605039,-0.8306904572259827,-0.4342796552615191,-0.9795199095352135,0.22751237155710013
2013,9,345,0.7078577092947723,-1.8801616729972663,1.2946851586803014,0.03287986950881183,0.5964148463687562,0.03256264893234292,0.035472461575785305,-0.6443205340802093,-0.35405356598760424,0.07904597749685884
2013,10,346,0.7327770636952943,-2.050411798491136,1.0197558214547338,-0.00413885700109533,1.1113775847692489,-1.1617228930180765,-1.0070684228155682,-0.8148958903970033,-1.7107377920249935,-0.18102780281603492
2013,11,347,0.6695473185241053,-1.8364985558611027,1.3614819292311824,0.34208687679002914,-0.19527595843164483,0.32272599826033843,0.3028472116523041,0.7804474256854436,0.8257529029802568,-0.029184935030154145
2013,12,348,0.7050599175890694,-1.9446360624050754,1.2959654103344966,0.18938218379780974,0.5385980002704965,0.03812402719809335,-0.3593418550587721,0.07681280952912023,-0.1378922525893439,0.2433228197999087
2014,1,349,0.6569159949810708,-1.84391942327326,1.3803477919521407,0.211918006797512,-0.456304428784289,0.40467879133594997,0.25740490931990345,0.18065365983599507,0.47965169283055525,0.13310407737578533
2014,2,350,0.6670990363507485,-1.872540255351092,1.22360937359247,0.18958187486222383,-0.24587013001830996,-0.27618862283000073,0.08214285004163492,0.07773294854191412,-0.05746037045346525,-0.2743244282085503
2014,3,351,0.6804737862416234,-1.946142966363615,1.2083068862959734,0.18994169556766466,0.030521373490397873,-0.3426622102561822,-0.3685695074970386,0.07939093494034691,-0.3508670133049668,-0.0466584873906851
2014,4,352,0.6706073769066891,-2.0822217287834435,1.212477734386476,0.05538642087034039,-0.17336966989841016,-0.32454415991486096,-1.2018591917690034,-0.5406145619980113,-1.1951374625127678,0.5569295138097582
2014,5,353,0.7027795122491092,-1.9625092082562445,1.3281665286600404,0.09626094385236168,0.4914730322775689,0.17800480688832698,-0.4687895587152638,-0.35227241791935626,-0.3848579373833112,0.4701549310098366
2014,6,354,0.6399717515164949,-1.9856654229979898,1.201225363295632,0.18354409147296621,-0.8064601300274918,-0.3734241530144341,-0.6105885766366013,0.04991197386007004,-0.5241949584687942,0.08298932979855876
2014,7,355,0.7126426014529265,-1.9150914058069133,1.2699516129722315,0.1686705948130713,0.6952954645866378,-0.0748791989926837,-0.17842267905501724,-0.018622312206179055,-0.15457568780567643,0.054718652554741176
2014,8,356,0.6884161085697228,-2.0245806416705503,1.2398372220042784,0.09385689221170218,0.19465082843533799,-0.20569529195900396,-0.8488891733232984,-0.3633498374815803,-0.8199495852546203,0.4094489692709635
2014,9,357,0.6862308570092377,-1.9141145346442074,1.3022054771140448,0.2473681940142148,0.14949222963721714,0.06523070708473297,-0.17244072677774608,0.34400148095479616,0.1466012597401022,0.11705442096532015
2014,10,358,0.6532580511596915,-2.0765751231906124,1.126537825593998,0.02412905397412219,-0.5318964660777266,-0.6978647796171713,-1.1672817300991074,-0.6846426526029182,-1.4681953000655616,0.262823863126334
2014,11,359,0.6344347261490912,-2.071061594277025,0.9870812371968151,0.04448840916619299,-0.9208837101877968,-1.3036603958043163,-1.1335191746060396,-0.5908305581933974,-1.7246873977181347,-0.2390933559131459
2014,12,360,0.6820786812016891,-2.0052743041573375,1.1961131361173287,0.14787918019304408,0.06368680346892527,-0.3956315284361569,-0.7306652006419534,-0.11442525551359421,-0.7051477390480447,0.1595330508525937
2015,1,361,0.6498611215197184,-1.7976578914625616,1.2217246789313922,0.15513236934123942,-0.602094600485161,-0.2843756850308949,0.5406912690057939,-0.08100391880025774,0.10377402865345048,-0.5462936080438635
2015,2,362,0.6828374748409507,-1.8521578203303828,1.200490027033329,0.33427129383385756,0.07936740434142733,-0.3766184336808872,0.20695639582257214,0.7444346836691659,0.364632376111994,-0.5080239329759912
2015,3,363,0.6635170085855163,-1.7476267392921414,1.1691474012903256,0.276337316435509,-0.31989334897345,-0.5127699450087619,0.8470612142822598,0.4774857697207706,0.4935476206115306,-0.9790960033385933
2015,4,364,0.7082961663911436,-1.8532085883286595,1.2333858900093952,0.14532073735346895,0.6054756375670121,-0.2337197021786004,0.20052193009142638,-0.12621408079530355,-0.09054550652346205,-0.29078455194107755
2015,5,365,0.6713531374930959,-1.8385304441021006,1.6865575925554719,0.3449057742804408,-0.15795839930148295,1.7348458129951791,0.29040477404698967,0.7934363772021522,1.6025839815568284,1.072468384764474
2015,6,366,0.708153169783285,-1.697152071110995,1.4658769045682027,0.42962163192561553,0.6025205881070117,0.7762149236527623,1.1561470669492362,1.1837911777553576,1.808750562185892,-0.2538434426703346
2015,7,367,0.6455749861044939,-2.0173472607136613,1.4015922827028824,0.34495127627570443,-0.6906683249526417,0.49696427969361306,-0.8045949599824328,0.79364604187155,0.2958950486447166,0.7910118766444765
2015,8,368,0.7063900476816171,-1.9521697313525679,0.9798746205205494,0.20262482018299488,0.5660853670729409,-1.334965742078735,-0.4054749070283188,0.1378323969904059,-0.8817348517369011,-0.8004414037761242
2015,9,369,0.6853516270341591,-2.0271632327635536,1.261481471321625,0.1851705038621188,0.1313227912010113,-0.11167326329180183,-0.8647038859075651,0.05740617744169528,-0.5211827413532666,0.4427080771265441
2015,10,370,0.689323964391555,-1.8536587419855195,1.3319267395502794,0.25624067420363333,0.21341182491098232,0.19433906043222038,0.19776537651959544,0.3848842074126803,0.45426363836291145,-0.017113517378430542
2015,11,371,0.6467464060184265,-1.96287422726129,1.0887797651598217,0.10124237656566264,-0.6664607312485713,-0.8618847642564581,-0.4710247831254418,-0.32931890924552226,-0.9436439251410369,-0.3378642036581407
2015,12,372,0.7019970626340339,-2.2055358752147005,1.0645122739678383,-0.05180205286483652,0.4753035766021396,-0.9673020840756817,-1.9569836823118125,-1.0345189672599782,-2.2811073058213114,0.5845453460382998
2016,1,373,0.692906360226594,-1.9008335858136345,0.930286172760015,-0.06354893172516925,0.2874426500918943,-1.5503766065787288,-0.09111372570084869,-1.0886463842762069,-1.566894511480956,-1.0182001102005471
2016,2,374,0.7185107027545431,-1.9178327044175745,1.2256860189211016,0.03503359485604735,0.8165607857872828,-0.26716773216488854,-0.19520925039908604,-0.6343965711795706,-0.6447211475809335,-0.011624251069933386
2016,3,375,0.7360076280622344,-1.8839377156738202,1.35356321496166,0.11976307673759655,1.1781377522374599,0.2883273194639475,0.012349548390880217,-0.24397899269764595,0.016991053757238906,0.2447104311811483
2016,4,376,0.7764923058755492,-1.7933295490138206,1.477026446976805,0.31211987731435864,2.014760572191799,0.8246482317614268,0.5671962360439627,0.6423651064046961,1.168780934138448,0.212537429979306
2016,5,377,0.7097755458153413,-1.9532892492937033,1.3116054724277124,0.11608099959255588,0.636047267440467,0.1060640303335512,-0.41233036878529306,-0.2609453143465862,-0.33649179942348323,0.36860228637532627
2016,6,378,0.7259280765755027,-1.7955322562962344,1.2646048957519223,0.2965406781670096,0.9698420896761787,-0.09810519276094277,0.5537077737500208,0.5705790754892847,0.6102544895225308,-0.4864933148464726
2016,7,379,0.6553607830264927,-1.8169262643892081,1.4244871117136093,0.345003231542902,-0.4884431509217268,0.5964187924381168,0.422699775645915,0.7938854420090018,1.052920145934192,0.10724965166458571
2016,8,380,0.6827817322062788,-1.6031217492982748,1.3906654961520526,0.45553730636293305,0.07821547322254985,0.449498616955236,1.7319496079333656,1.3032057502731995,2.031354982996209,-0.8783219592096967
2016,9,381,0.7161272549665507,-1.946605283026021,1.5409806837510578,0.19411369693088362,0.7673064279089966,1.1024636918965438,-0.3714005422507311,0.09861473559958274,0.45339783374247855,1.0739076000795122
2016,10,382,0.6884887284328521,-1.703722594360102,1.5325968895062578,0.4539574490102066,0.196151530378827,1.0660447183730424,1.1159119182281005,1.295926063577362,2.0132723840420805,-0.01724820067693476
2016,11,383,0.8474936943486823,-1.3484888080031578,1.2233320406644683,0.42529479814625,3.4820164589492806,-0.27739334950472244,3.291215723261673,1.1638539383302984,2.439219284406802,-2.3925268382775227
2016,12,384,0.7454162560309028,-1.485278078195671,1.4437936885621483,0.6251160437572936,1.3725686650718407,0.6802860356630442,2.453575185211758,2.0845928016903716,3.0467673495765726,-1.2385701140449368
2017,1,385,0.7719571801039355,-1.6313629323940815,1.3795561619373062,0.5252879007623018,1.9210414192472955,0.4012399721439655,1.5590123609530653,1.6246034215247038,2.101542477561978,-0.8463419006833615
2017,2,386,0.7249280491241233,-1.431656634080528,1.4597805804164619,0.6939017635850525,0.9491763506461494,0.7497326578206015,2.7819305835292516,2.4015445116846914,3.4657596731341127,-1.425542892763594
2017,3,387,0.6820181333616537,-1.4514482785386509,1.6894394895334062,0.8049057408816069,0.062435571955952784,1.7473646948608625,2.6607347931762293,2.913030042524703,4.256051030991545,-0.6366359979820639
2017,4,388,0.6679987094054535,-1.6331047635342324,1.344813004458526,0.42819202352262126,-0.22727823183067894,0.25031664370859247,1.5483461122672237,1.1772038100708166,1.7401334604130099,-0.9041918812992358
2017,5,389,0.7305237718941284,-1.6595726629806038,1.5796323728864345,0.5009782754361145,1.0648129227120553,1.2703655752392782,1.386267716044279,1.5125892224184105,2.412147342277337,-0.051838090175757745
2017,6,390,0.7004908726517804,-1.783501133180916,1.444421292396741,0.4549158792446219,0.44417790194194856,0.6830123296020274,0.6273813625152569,1.3003423305360977,1.5259387114758294,-0.012034332643128814
2017,7,391,0.6655208679751959,-1.7622145626575265,1.403810558271807,0.3501699486459757,-0.27848325053778017,0.5066004082594595,0.7577314576751725,0.817692706437966,1.2097485068016525,-0.17293771113517384
2017,8,392,0.6620378105616693,-1.655851430905533,1.4738339670890828,0.5958862668661392,-0.35046123017750286,0.8107801862070665,1.4090549919262547,1.949907465960773,2.4388439234342747,-0.4739257803561543
2017,9,393,0.6924209199667647,-1.806608225740357,1.6709582945018893,0.36268308089563955,0.2774109437517685,1.66708288773601,0.48588314838618757,0.8753508755150233,1.7270587894721683,0.889075904897266
2017,10,394,0.7394240257524574,-1.704179812610186,1.372793616653157,0.3916007029565028,1.2487381972468008,0.3718636598844332,1.1131121040287297,1.0085978602687,1.4552593793027795,-0.5202387341741396
2017,11,395,0.7319374072194815,-1.7266381585376633,1.4063226365232562,0.5734493287148772,1.0940259394918264,0.5175128076644467,0.9755865441662652,1.8465222585094812,1.9667197495580022,-0.4205343704540857
2017,12,396,0.6726109222530771,-1.633166185810122,1.4731576761458538,0.6466023831817984,-0.131966061221298,0.8078423967961543,1.547969987823018,2.183597828302987,2.658977058230374,-0.5898118337368652
2018,1,397,0.6445580223452291,-1.7611657257158473,1.3598960369931385,0.5291286703015513,-0.7116840556938089,0.3158369256349853,0.764154098419716,1.6423009679952134,1.6105869064561253,-0.4218866338945295
2018,2,398,0.6985972620614622,-1.8474695391496723,1.0590779590098038,0.3380409921487349,0.4050461138794928,-0.9909086000273083,0.235665477793788,0.7618047472529288,0.0540447184092475,-1.0044077128660895
2018,3,399,0.6814853548105717,-1.8490069252617745,1.1585747262134953,0.2792950058161787,0.051425611697090715,-0.5586973571628099,0.226251165338437,0.49111424826519356,0.12139454802281807,-0.6314433592259686
2018,4,400,0.7051603195596502,-1.9233535450325743,1.3950477588927739,0.3866859650976406,0.5406728242358404,0.4685350467705724,-0.22901657970735637,0.9859516689888704,0.7266716288777693,0.38949915614275266
2018,5,401,0.7537585192156935,-1.788235866954032,1.5275605863706248,0.27884236621388225,1.5449629665071722,1.044167154921779,0.5983878242088223,0.48902856977962633,1.2139192915480836,0.3815272503772151
2018,6,402,0.7025652638070816,-1.735398872606288,1.4240418146786973,0.48565966771500374,0.4870455514274937,0.5944844342643563,0.9219395787586979,1.4420039479734252,1.7320650597368334,-0.2799887938127906
2018,7,403,0.65735997840134,-1.7612381880710828,1.2440148456504518,0.21616314879594287,-0.44712943515357717,-0.1875478087886587,0.7637103691261654,0.2002144788394241,0.4557900415901789,-0.6425171404853942
2018,8,404,0.6942938531519738,-1.8839993629762184,1.2959062269207253,0.2326472747635071,0.31611542968645345,0.0378669360629543,0.01197204597802654,0.2761702430047764,0.19578518473533593,-0.010526384821607698
2018,9,405,0.6565294146560318,-1.7678983345287747,1.571773914578849,0.4904864253149031,-0.46429317759351485,1.2362286466980021,0.7229264051905381,1.4642447427030139,1.9844111838234313,0.33861778619794847
2018,10,406,0.7057570153234385,-1.8046769267502571,1.4526692546221271,0.3470219294595892,0.5530036446725831,0.7188412525381418,0.49770961929962837,0.8031872238069988,1.168779674292747,0.1546222997694998
2018,11,407,0.6776005532240142,-1.9597943676198721,1.2548723364074597,0.23031872505387083,-0.02885448027488698,-0.14038316508853613,-0.4521650049898853,0.2654407221954564,-0.17427164210601948,0.1402075208801262
2018,12,408,0.6804483828009203,-2.05719516560396,1.1404603433225766,0.14228906922071638,0.02999640702541826,-0.6373857423540517,-1.0486069387399486,-0.14018343956944027,-1.0356040470621288,0.17213361864452253
2019,1,409,0.731711281939914,-1.8694964545196353,1.6458645721742489,0.4838967625549842,1.0893530217542284,1.5580764423997269,0.10078181903817864,1.433880811275501,1.7868272583417686,0.9775771808540928
2019,2,410,0.6588953761536142,-1.8222228117555275,1.6803086472410034,0.46705419850501434,-0.4154001769096914,1.7077005649950159,0.3902659248074197,1.3562734315796283,1.9874438350488368,0.9233052020477941
2019,3,411,0.6728832260935353,-1.9740868671868887,1.441965315392943,0.23910194812679456,-0.12633885559206895,0.6723436324866224,-0.5396863216146832,0.305912168582811,0.24693028675322565,0.820189893990745
2019,4,412,0.635045317327365,-1.9392767562343618,1.666151973145565,0.2791619762480194,-0.9082657386242774,1.6462043588610935,-0.3265236954319767,0.49050127293814205,1.0164625713215159,1.421809001303814
2019,5,413,0.635103840647591,-1.8285741866275824,1.6189413698014676,0.2500173712644347,-0.9070563441608637,1.441122785648149,0.3513727495042883,0.3562083934017077,1.2098774086948976,0.858232625506282
2019,6,414,0.6305408276325248,-1.8398580588108076,1.4926700939087125,0.4455501735935972,-1.0013517917807393,0.8926038073383814,0.2822750143270997,1.2571869135566889,1.4173896434252926,0.3695897727873557
2019,7,415,0.6627170593442091,-2.0771576456899714,1.393517360407303,0.12320970202875886,-0.3364244374303939,0.4618870374927516,-1.1708488553502512,-0.22809758907958402,-0.5549520702846756,1.1110319796121149
2019,8,416,0.688187376016062,-2.1196223157974416,1.089190337657529,-0.01648783603306886,0.18992403093082233,-0.8601012485251706,-1.4308848147999447,-0.8717976722009712,-1.8221149380224604,0.3224042950158768
2019,9,417,0.6568813835193921,-2.0398604018594684,1.3821710321847878,-0.12929147542450975,-0.4570196805841406,0.41259889717596854,-0.9424560629478,-1.391575708808379,-1.1596530818726107,1.068033277472104
2019,10,418,0.6686689225092185,-2.1746493724958085,1.3860099307273666,0.06814161782451543,-0.2134281629372608,0.4292749677353458,-1.7678475993462281,-0.4818410041132739,-1.0689322356545068,1.4856968174651282
2019,11,419,0.6468418454927587,-1.9983642570776645,1.3576632104458737,0.10492500553793918,-0.6644884581204765,0.3061375880161205,-0.6883509493441615,-0.3123500448800637,-0.41576456753421526,0.7009817843439963
2019,12,420,0.6915567898344455,-2.0072260446433687,1.3455916163054782,0.19530144506929867,0.25955354615947096,0.2536989123343788,-0.7426168467656012,0.10408765649734873,-0.2221160529905651,0.6449689232122388
2020,1,421,0.6805326901651358,-1.8626392332843067,1.5216658620676233,0.3197443849122941,0.03173863318609402,1.018560633333716,0.14277258685939875,0.6774974089680997,1.05389163622519,0.6219655024288265
2020,2,422,0.6484080155766336,-1.9724593023762729,1.2157091957515547,0.31297199822921434,-0.632123284359142,-0.31050677988612174,-0.5297197923557969,0.6462915199359018,-0.08028752064240115,0.011523042492318303
2020,3,423,0.7191386972599714,-1.90222878291698,1.5885653709927985,0.254417164891159,0.8295384000953417,1.3091702753573593,-0.09965733186737927,0.3764818181344037,0.8916370283580114,1.0331102560458647
2020,4,424,0.7978923428912471,-1.7764855342123917,1.7315290837886848,0.4531937095407668,2.456996012418328,1.93020074427234,0.6703419696335394,1.292406895188411,2.2310921246271365,0.929784294406198
2020,5,425,0.7038384311469528,-1.9685429268484038,1.8241059092479202,0.3258592257333118,0.5133557731629487,2.3323519489468705,-0.5057375392174268,0.7056734498588207,1.4219910118697865,2.0398967527587244
2020,6,426,0.6947916284888584,-2.083885674662274,1.3546143294430606,0.35512577660819766,0.32640204251238547,0.2928933321010106,-1.2120485035422732,0.8405282332158659,-0.020846698254974285,0.8797972831686235
2020,7,427,0.6941915046432378,-1.895154469298249,1.4761559191984475,0.33397899127083663,0.3140003801758286,0.820866682836709,-0.056337180677245816,0.743087808221512,0.8712518789734469,0.5843306343368084
2020,8,428,0.7218020337160305,-1.8720011111280637,1.2802850320211727,0.31225385238406544,0.8845767053680228,-0.029991108497851252,0.08544434478920035,0.6429824384257393,0.4238373502155473,-0.15185860309169774
2020,9,429,0.697277171360955,-1.9165590734209037,1.4756076995731933,0.5299566759320627,0.37776621283775574,0.8184852317378131,-0.18741006445543046,1.646116262814148,1.3446863562214848,0.5575414772220438
2020,10,430,0.6980914657043281,-1.7454197608289639,1.386204243820864,0.3353835717743079,0.3945937452925556,0.4301190585134252,0.8605758315088804,0.7495598520340162,1.185084689954673,-0.2880164988367396
2020,11,431,0.7762523079975886,-1.3984913591004244,1.5242318015397531,0.6458590717206869,2.0098009748258936,1.0297070044122243,2.9850209190490604,2.180172788349235,3.601059443475686,-1.3082248866666957
2020,12,432,0.6386596257061501,-1.5676860068112968,1.4426074369597024,0.4548156426187061,-0.833575435246112,0.6751329910581526,1.948943341149548,1.2998804589431618,2.277487667267944,-0.8374224030919942
2021,1,433,0.7046379542017851,-1.5741063944416254,1.6907228710466233,0.5526889448423514,0.5298780544031946,1.7529396691488344,1.9096275604484108,1.7508622990729568,3.121856111721334,-0.02996669780802096
2021,2,434,0.6774174074540126,-1.7653801202503552,1.4816206942949748,0.15064625975343887,-0.03263921906589478,0.8446055167991194,0.7383469009657667,-0.10167507131033858,0.8247245649950402,0.2094159273717128
2021,3,435,0.7112739675300538,-1.748110015987792,1.5817372515440749,0.450373381679248,0.6670124095177811,1.2795091107155134,0.8441018290117481,1.2794113527896196,1.9650078963355573,0.3188056632843783
2021,4,436,0.7761700561205956,-1.793765212708437,1.48763097012696,0.10109032985434367,2.0081012256616866,0.8707139910773114,0.564528412967974,-0.33001951200540075,0.6006087501985868,0.364287312424313
2021,5,437,0.6708559798865339,-1.5388841019432224,1.8590426120858037,0.790039003364427,-0.16823224662420638,2.484116033143056,2.1253142148050808,2.8445269013217622,4.312883920058779,0.2749083415994745
2021,6,438,0.6940704595593689,-1.9247396956283553,1.4980712155288276,0.4203831642849936,0.3114989627290853,0.9160661323354657,-0.23750478882810225,1.1412220496899037,1.062284020019749,0.7236776093936858
2021,7,439,0.7791974245975031,-1.9301672771948506,1.5145921540396945,0.127389732599726,2.070662315164989,0.9878326386024634,-0.2707410385520058,-0.20883679133531288,0.260827623289559,0.9587340455345377
2021,8,440,0.7549565989406051,-1.7161334222736906,1.4276580921404889,0.3651239800395712,1.5697214897837488,0.6101934449209944,1.03991317536945,0.8865980814689631,1.4700830934515001,-0.27562255322952234
2021,9,441,0.7289193663859574,-1.867265829809163,1.4688271581493575,0.1888573362224991,1.0316576073409935,0.7890307447383446,0.11444123603804957,0.0743944102320331,0.5443881860218972,0.5323994102521159
2021,10,442,0.7640552832458366,-1.7316530688289162,1.7255145074607945,0.3879906854528531,1.7577473635826892,1.904073588757237,0.9448773215150646,0.9919635759469497,2.190913254141435,0.7746464029643723
2021,11,443,0.6856111179642462,-1.7414425856866458,1.5830643320164173,0.32973474679482917,0.13668521583689874,1.2852739120899952,0.8849303961720408,0.7235311248332597,1.6531320247928554,0.3633410361026768
2021,12,444,0.7784214019547211,-1.85529650424357,1.4420188604087796,0.19592902220570277,2.0546256739757847,0.6725762305749254,0.18773640233835584,0.1069794143656199,0.5421638643803048,0.39278546787940744
