Year,Month,YM,UncertaintyIndex,LMIndex,GIIndex,LSDIndex
1985,1,1,0.5943886594977454,-1.891573168,1.4182756910369996,0.22768418209487173
1985,2,2,0.5673080877290666,-2.053728283,1.366487552588886,0.004811247
1985,3,3,0.6174226842484445,-2.053861359,1.1036100890958638,-0.164522903
1985,4,4,0.6545374772629214,-1.954497026,1.4428286609642125,0.034592592565554796
1985,5,5,0.6518146557560666,-1.816136202,1.492585537095432,0.2509114852235407
1985,6,6,0.6563143566450542,-2.072717088,1.150233671505224,-0.157060973
1985,7,7,0.6405240447685958,-1.996705003,1.3972261621544804,0.065389807
1985,8,8,0.6309044949237482,-2.320702736,0.9657258493228621,-0.290059901
1985,9,9,0.7115322767710902,-1.907857198,1.6176765350229652,0.19138330789242253
1985,10,10,0.6835421148474516,-1.970726807,1.3001134367113611,0.1474511984857863
1985,11,11,0.6692659936181584,-2.116046988,1.2256462314268384,0.00332438
1985,12,12,0.6531027115248617,-1.944174155,1.564580479984484,0.25830234335626584
1986,1,13,0.6776448626328027,-2.186821578,0.8650555295991713,-0.324030633
1986,2,14,0.6597255504048327,-1.944920295,1.1989798343887457,-0.080568953
1986,3,15,0.6596989637752247,-1.990975769,1.1647452758111743,-0.070648957
1986,4,16,0.6016300731645733,-1.798475468,1.5167936243512155,0.3502633926077419
1986,5,17,0.7087091321322446,-2.22586384,0.9217824534553911,-0.245578246
1986,6,18,0.7318534011789681,-2.210085919,0.9432271984509797,-0.184827089
1986,7,19,0.6320531067807034,-2.304754641,0.6948030544017432,-0.510761298
1986,8,20,0.67221111,-1.90596889,1.2006196855649103,0.035705385
1986,9,21,0.754378163,-1.914642393,1.2029153737794909,0.070023952
1986,10,22,0.6590304818082368,-2.012852494,0.9710939392460909,-0.238446832
1986,11,23,0.6579494362174826,-1.861772355,1.3914923178621588,0.23480154767801348
1986,12,24,0.7028113225811912,-2.019684198,1.0500530650918292,-0.157668272
1987,1,25,0.6832564014224474,-2.054836286,1.208399622343598,-0.074085122
1987,2,26,0.6990634591475405,-2.031328065,1.316512617539212,-0.189500096
1987,3,27,0.6779670055843492,-1.996070219,1.161810795238482,0.040544435
1987,4,28,0.6761960774110585,-2.201029263,1.0508910845845485,-0.178386266
1987,5,29,0.6781187210502533,-2.072257981,0.8488009406966543,-0.292919653
1987,6,30,0.691146725,-2.085614728,0.9369983047143648,-0.243962749
1987,7,31,0.6765679871641813,-2.152898923,1.087245812425482,-0.076673544
1987,8,32,0.6534985471113752,-2.098668317,1.242642399491328,-0.00439734
1987,9,33,0.7251819207718159,-2.204494482,1.2068436831431661,-0.296106902
1987,10,34,0.7100948018887636,-2.073487236,0.8965447215418685,-0.217868946
1987,11,35,0.7242071200057412,-2.042953506,1.0707945073991239,-0.059560454
1987,12,36,0.6791893276390901,-2.036708186,1.1569826752901529,-0.088491943
1988,1,37,0.7426758834543439,-2.168928257,0.9220113152172612,-0.176940369
1988,2,38,0.7293465203846341,-1.923970785,1.281419735840887,0.026014677314283863
1988,3,39,0.6443192186441795,-2.190586779,1.0173623884020213,-0.1261889
1988,4,40,0.681078465,-1.894901898,1.4313658955564268,0.045803274
1988,5,41,0.7556094203098577,-1.978477995,1.2388953283962363,0.16911044321444368
1988,6,42,0.6258460623766661,-2.070289767,1.2795857180994177,-0.167036455
1988,7,43,0.6595828234707002,-2.049558206,1.1370538250136293,0.2320438318835119
1988,8,44,0.6420452317499703,-2.165719196,1.039755175,0.017602478956565654
1988,9,45,0.6332799810677882,-1.991862698,1.0447691844829206,-0.061288214
1988,10,46,0.6801955578055102,-2.189595828,1.0616138014240506,-0.132265637
1988,11,47,0.6894384375911072,-1.970568415,1.2720985532945477,-0.139416665
1988,12,48,0.6599276321658603,-2.101926278,1.0859046418061324,-0.055037088
1989,1,49,0.7397672007965462,-2.139582452,1.091138524,-0.136032792
1989,2,50,0.7115939230509148,-2.220531904,0.8576053834129569,-0.35809519
1989,3,51,0.6582958471882249,-2.272368924,0.9457677950081693,-0.327758949
1989,4,52,0.7060012374955684,-2.170929336,1.0810913328481395,-0.136451157
1989,5,53,0.641968119,-2.208666935,0.7347913407586595,-0.236546376
1989,6,54,0.6982354087004756,-2.011354635,0.8996795641808175,-0.128355808
1989,7,55,0.6448683777734058,-1.940459136,1.1702175462565587,0.032184195
1989,8,56,0.693056697,-2.141301904,0.7647427679439132,-0.308450808
1989,9,57,0.6673234657210966,-2.035713506,0.8898733762395336,-0.119812399
1989,10,58,0.6676293825935038,-2.071179234,1.3324838878422671,0.15037169225830094
1989,11,59,0.6157779880532827,-2.1267724,1.0655993174581329,-0.086815898
1989,12,60,0.6515763037149327,-2.057134038,1.2026657652996622,0.098815243
1990,1,61,0.6769746223926412,-2.069757847,1.2330830790939569,-0.004725713
1990,2,62,0.6677029894919166,-2.230926124,0.7731824824863097,-0.352550566
1990,3,63,0.6510196463821456,-2.139181594,0.7324810829189881,-0.230626418
1990,4,64,0.6766274654451763,-2.129269617,1.0332588012914643,-0.227919079
1990,5,65,0.665250224,-2.15690737,1.1088181750567325,-0.114112582
1990,6,66,0.6551703441125694,-2.049640007,1.310421323,0.081392434
1990,7,67,0.6823171333509878,-2.147325383,0.8830235471970975,-0.308349472
1990,8,68,0.6626385804219633,-2.332213597,0.8545424605253447,-0.402876275
1990,9,69,0.7044107542296093,-2.364905375,0.8320673357846482,-0.426514302
1990,10,70,0.6965849715817309,-2.108074602,0.9849122861254584,-0.049472424
1990,11,71,0.6668174560699405,-2.187255733,0.8724505616727034,-0.135000874
1990,12,72,0.6914523932541177,-2.032143994,1.0998555658505134,0.00557645
1991,1,73,0.7190876269392121,-2.146935499,1.1436715321798945,-0.057440297
1991,2,74,0.6722722077983492,-2.106997838,0.928393887,0.051336064
1991,3,75,0.6151645101818198,-2.198073011,1.0201554459106759,0.001384674
1991,4,76,0.6747620208058818,-2.071741824,1.1797253510201986,0.034566198
1991,5,77,0.682969694,-2.031847209,1.1363247289817786,-0.18119818
1991,6,78,0.6671583234827572,-2.061944256,1.3211022808433484,0.076545783
1991,7,79,0.6672310140240343,-2.339427683,0.8500647047354379,-0.223771854
1991,8,80,0.6629351950349862,-2.272512291,0.7593045613209977,-0.285638485
1991,9,81,0.6814982753111263,-2.228268112,0.7295232215518523,-0.279647117
1991,10,82,0.6908272685364596,-2.038527805,0.986816281,0.017536867928030594
1991,11,83,0.6351859371517875,-2.09395689,0.9326057146160287,-0.126422443
1991,12,84,0.6691328780065573,-2.026311549,1.2704085028355485,-0.015770953
1992,1,85,0.6543320414183751,-1.891347608,1.323117613,0.1387271757977397
1992,2,86,0.6825995002534884,-1.981503727,1.1509340827920267,0.079462184
1992,3,87,0.6765427228189214,-2.234920269,0.8735740599324808,-0.280935238
1992,4,88,0.646361616,-1.932389221,1.1937697058234074,0.099487731
1992,5,89,0.6825538206006426,-1.852619905,1.3052296719284993,0.1695480823934843
1992,6,90,0.663802066,-1.867731977,1.1641840403859667,0.074799745
1992,7,91,0.6957092913333105,-2.04199051,0.8264176653395334,-0.126789669
1992,8,92,0.6839612740462175,-2.122075368,0.881299352,-0.08759482
1992,9,93,0.610763107,-1.863012439,0.8334128000559324,0.24158397590243405
1992,10,94,0.5952568014886337,-1.758293615,1.7554555002715488,0.55952741
1992,11,95,0.6583844879155327,-1.846581906,1.1172975099174656,0.11374811773914105
1992,12,96,0.6854695121343009,-1.724020397,1.4682998947399515,0.39584449530319554
1993,1,97,0.6527456248768913,-1.732012262,1.3048001148558441,0.26368983728704515
1993,2,98,0.6769604896858686,-1.774733843,1.0584528057880687,0.18039599566235165
1993,3,99,0.6514530695919194,-1.761314977,1.1098722947077184,0.210018777
1993,4,100,0.6669885212506421,-1.744624259,1.3248749823811177,0.5160905087808783
1993,5,101,0.5932169307491983,-1.797068694,1.204859867256184,0.270002413
1993,6,102,0.6781802751428512,-1.788858989,1.316181493107315,0.16694214276972064
1993,7,103,0.656788357,-1.945699377,1.2805012715900972,0.16346813027943752
1993,8,104,0.6852398615366153,-1.817470845,1.3299396184288073,0.20271476865399043
1993,9,105,0.661757039,-1.376913569,1.5789101406560904,0.507160898
1993,10,106,0.653811871,-1.835422556,1.3574763762859552,0.44521060716170524
1993,11,107,0.6236371244422098,-1.774006437,1.373970798380293,0.45440960195349306
1993,12,108,0.5936787601823399,-1.718805474,1.6072537903613062,0.4710600461140041
1994,1,109,0.5833033563464176,-1.745032395,1.5686533088072867,0.4804520987565616
1994,2,110,0.661503659,-1.64605475,1.4232278725414766,0.4557661401508817
1994,3,111,0.7007403025754746,-1.895546918,1.1889661978210888,0.033866587459137634
1994,4,112,0.6929700544756047,-1.801363599,1.5314568450280588,0.22038202135661716
1994,5,113,0.7556651400357908,-1.782369639,1.2161779228500025,-0.047731356
1994,6,114,0.6698617330862467,-1.88662731,1.3038334316843323,0.10827538389759661
1994,7,115,0.6826248347879306,-1.87677715,1.3616572177118216,0.020392574963073656
1994,8,116,0.6331629476728577,-1.775434689,1.549312627410002,0.3834352357801257
1994,9,117,0.6461839709872673,-1.701430776,1.378115679892011,0.3516456058698302
1994,10,118,0.6557484869369633,-1.863305739,1.3748001504743779,0.24132077030807927
1994,11,119,0.6728980798122954,-1.761107863,1.4792065900744376,0.3160818452800379
1994,12,120,0.692594734,-1.845077582,1.374446108963711,0.2756424650639817
1995,1,121,0.6669039296018715,-1.785421398,1.281106477,0.3383464524982266
1995,2,122,0.6941523757775525,-1.883696385,1.3537336145610464,0.30111931954449667
1995,3,123,0.6907916164980656,-1.962342734,1.1820056509618166,0.095291199
1995,4,124,0.6206913554625718,-1.726033058,1.3767610200925342,0.3820608117431507
1995,5,125,0.6214150591857587,-1.919239591,1.285465034420755,0.2426488462429173
1995,6,126,0.5835064671098447,-1.810792983,1.5407865734436377,0.3155415526683762
1995,7,127,0.654080788,-1.908080583,1.1610614921178013,0.015331316024315055
1995,8,128,0.6899923726240216,-1.813124616,1.2745236436104208,0.15823045778614594
1995,9,129,0.6325897679227768,-1.788695644,1.287520984925565,0.012965816912087213
1995,10,130,0.5914506931233985,-2.037450123,1.1877527508222738,0.12060475170510347
1995,11,131,0.6637170818433544,-2.113108466,1.0279502098215296,0.03426857
1995,12,132,0.6933887692465395,-2.006273552,1.2276724114063677,-0.128789674
1996,1,133,0.5792272410131134,-1.636093836,1.6386075046887776,0.49318693918322454
1996,2,134,0.6134513821763665,-1.89906834,0.8736505026091471,-0.008726963
1996,3,135,0.6196439123049189,-1.720666007,1.5368704831494489,0.39131949472119965
1996,4,136,0.5874686996150608,-1.848605384,1.3298658922198876,0.1722336358692622
1996,5,137,0.6017824873982736,-1.905058164,1.381808468291934,0.087173016
1996,6,138,0.6808757568744106,-1.994728214,1.4530160746753145,0.13907565085426332
1996,7,139,0.5828859984364508,-1.623082635,1.4069100303074291,0.4266126984404482
1996,8,140,0.637651767,-1.71410479,1.4206745809646228,0.21967065818658937
1996,9,141,0.6690666052903125,-2.080579016,1.1767780484944388,0.001266692
1996,10,142,0.6659503779901923,-2.008468056,1.011854848581249,-0.0785756
1996,11,143,0.6798101302727698,-1.921861254,1.2628763121506879,0.23065585474309738
1996,12,144,0.7133897815998805,-1.722547877,1.4291990767376657,0.40048655191069715
1997,1,145,0.6608643289392666,-1.879636318,1.4479663180047915,0.11068252712444912
1997,2,146,0.6033967171230883,-1.711973122,1.6323562741866038,0.4485692419710464
1997,3,147,0.592179349,-1.918672295,1.4394257873030711,0.16575568513880506
1997,4,148,0.6725581158960128,-1.773421129,1.3938721232894768,0.2215330921452604
1997,5,149,0.6613092607401028,-1.947613027,1.1941581766706513,0.044526887051511865
1997,6,150,0.641346358,-1.852643205,1.6456971525865691,0.24191477775913336
1997,7,151,0.6589971389840505,-1.909933235,1.6725596328871144,0.076700089
1997,8,152,0.6327205409437185,-1.94307058,1.356272427134812,0.057312895185665444
1997,9,153,0.6577744756781374,-1.78288339,1.6182534061920388,0.11608567788740853
1997,10,154,0.5970439286418705,-1.78928692,1.557958313040186,0.3968086849109812
1997,11,155,0.7011932522546669,-1.941010698,1.312824854895181,0.1594529292881014
1997,12,156,0.6214257655342741,-1.784532498,1.536552838614377,0.4221628665871109
1998,1,157,0.6960687178266676,-1.871143824,1.3941178303272586,0.21314745261404466
1998,2,158,0.661460852,-1.712203134,1.7066007622219084,0.5156640442565603
1998,3,159,0.5688036647142858,-1.753995079,1.8268529169625847,0.5139080150373943
1998,4,160,0.7272443946105556,-1.761438405,1.4783948331602481,0.34944724372521935
1998,5,161,0.6611753079189049,-2.046244632,1.0639949976796874,-0.077383558
1998,6,162,0.6277684833591712,-1.776780204,1.5910441698398166,0.2421084018012481
1998,7,163,0.6419063895216061,-1.876712428,1.5311750854512611,0.25380970743853964
1998,8,164,0.6102116239680795,-1.824328952,1.5845429379146758,0.16690406333441798
1998,9,165,0.6837235675903864,-1.788774539,1.3336047427219082,0.20167740346142807
1998,10,166,0.6495170858026234,-1.810396821,1.391444456952244,0.2762482985505613
1998,11,167,0.6502612318097163,-1.860155321,1.4342619398980854,0.24383286590083228
1998,12,168,0.6536060978645246,-1.760569619,1.471695554229549,0.48570153699588864
1999,1,169,0.6574761184815302,-1.588127333,1.496000694599375,0.5717129861828045
1999,2,170,0.6908328305060021,-1.891812787,1.069478659044191,-0.083416489
1999,3,171,0.6988465789370712,-1.819422311,1.3355191694124793,0.071922393
1999,4,172,0.6508447866215639,-1.694781566,1.5197579068256126,0.512807423
1999,5,173,0.5980222769686852,-1.886977861,1.2576845137872792,0.5070663598359457
1999,6,174,0.5917660388978717,-1.656298906,1.465364212263749,0.36568479389921865
1999,7,175,0.6113419799328278,-1.929561403,1.216768966142509,0.095339897
1999,8,176,0.6361744751039575,-1.992387277,1.1226826714790543,0.077026623
1999,9,177,0.6524623089835896,-1.850025508,1.3669917350108327,0.3531228106658498
1999,10,178,0.6298614186713216,-1.776918549,1.4479002633036235,0.25632949331149363
1999,11,179,0.686494837,-1.756119778,1.2769019206561651,0.047071395
1999,12,180,0.6536568633078612,-1.866744562,1.500737975337672,0.3254118327253318
2000,1,181,0.6538913147141974,-1.592113399,1.3786330457826725,0.3695539169041312
2000,2,182,0.6792384624057741,-1.762020051,1.6810420745594836,0.32120082772438047
2000,3,183,0.6413217021931655,-1.764643179,1.3284032213293586,0.26784198101481155
2000,4,184,0.6741528123246538,-1.835387002,1.265563519,0.18347038127396656
2000,5,185,0.5749484763672773,-1.756420777,1.5979573141928174,0.19033511356067678
2000,6,186,0.6157525609095702,-1.857500651,1.660508386,0.29966493449562165
2000,7,187,0.5565312504358211,-1.742173209,1.4282118009450948,0.24768046174512726
2000,8,188,0.6064652178389036,-1.991776159,0.9800187859090943,0.11463714851397194
2000,9,189,0.6316689781735079,-2.021812772,1.044305012586377,0.047991451
2000,10,190,0.586641162,-1.750749513,1.3862786408316747,0.2686861476019484
2000,11,191,0.7033965953794974,-1.706035512,1.4882824090878444,0.2964185268045568
2000,12,192,0.6580814462963465,-1.654379719,1.6262274626806192,0.5764661604663358
2001,1,193,0.6521829276039912,-1.797851929,1.4993068698012908,0.3473258715905251
2001,2,194,0.506627614,-1.802488625,1.5985951439506154,0.4522462980579842
2001,3,195,0.6563944118508194,-2.017572453,1.3404293507165508,0.020179055
2001,4,196,0.6298417472073549,-1.986156747,1.4433641844600003,0.16861584277559333
2001,5,197,0.6999325898430517,-1.732958419,1.511752838721549,0.5012387814280683
2001,6,198,0.6153270134385176,-2.013450226,1.3052537370176034,0.083579484
2001,7,199,0.6657152901644617,-1.789340536,1.6030337777653223,0.48391265385928683
2001,8,200,0.6881546323450684,-1.929430412,1.1171566759680627,0.029776849
2001,9,201,0.6720786634702058,-1.943477803,0.9393164934658991,-0.274649496
2001,10,202,0.6765712459864412,-2.11097657,0.8783625206824137,-0.525762191
2001,11,203,0.7313461681722114,-1.842649014,1.297686108662898,-0.117852624
2001,12,204,0.7008909213230332,-1.777033168,1.1969926522910819,0.18114037153793894
2002,1,205,0.6925437349630195,-1.99898586,1.1125407393082465,-0.024760876
2002,2,206,0.6950731767111714,-2.097930241,1.1198484421182888,-0.138960293
2002,3,207,0.6647992322936284,-1.961473003,1.173459237541668,-0.150955795
2002,4,208,0.6523615563210146,-2.010047949,0.9606786263579197,-0.122036147
2002,5,209,0.6174550044377036,-2.070536613,1.3545996796727664,0.001011791
2002,6,210,0.6055792424129154,-1.969448441,1.2746307333659388,-0.074822658
2002,7,211,0.6466288626653023,-1.98657662,1.5111603826178102,-0.027273059
2002,8,212,0.7010387760893907,-1.960041414,1.5147504507185587,0.1560748732926305
2002,9,213,0.6124965289960855,-1.968425487,1.352528591840431,0.17502456922440304
2002,10,214,0.6054550236577355,-2.111803498,1.2810244893513367,0.053606976
2002,11,215,0.6802173519718027,-1.932428136,1.7244369634841155,0.28954492929735065
2002,12,216,0.6672850829897128,-1.943065676,1.3874612993679993,0.10670279814447237
2003,1,217,0.6585328167090755,-1.892186697,1.407234203161789,0.18726315339956687
2003,2,218,0.7118311168925449,-1.816288893,1.4170133067469894,0.17513545053986213
2003,3,219,0.667467827,-2.221466078,1.2253169909602564,-0.081465441
2003,4,220,0.6298259061489606,-1.97972569,1.6600918257035742,0.17430618009027682
2003,5,221,0.6230624283717701,-1.987650389,1.3491825350627922,-0.030288891
2003,6,222,0.6832779138400724,-1.922899202,1.4084998547423204,0.1957173588934478
2003,7,223,0.5666690154601906,-1.841028745,1.4011600466766077,0.13472895041112326
2003,8,224,0.5962477229423224,-2.049795709,1.5082185300601034,0.225419485
2003,9,225,0.6206961144771622,-1.961639349,1.400265298064737,0.091043148
2003,10,226,0.630336355,-2.088281499,1.384372227233732,0.089219601
2003,11,227,0.6369300023088758,-2.227246877,1.514547776369069,-0.14116677
2003,12,228,0.6560768585207254,-2.175740661,1.4878832455952842,-0.047072922
2004,1,229,0.6848535217234684,-2.017435949,1.3871212849039884,-0.042817566
2004,2,230,0.6845310099853509,-2.023395567,1.3375364698783485,0.069448791
2004,3,231,0.6376553443171267,-1.96300439,1.693511895098741,0.2779663842547486
2004,4,232,0.6136009687517715,-1.847401047,1.375382873382303,0.17890863422106063
2004,5,233,0.607616543,-1.966061346,1.4665016041244048,0.16157839179686753
2004,6,234,0.6527265227115829,-1.981677711,1.299967394524273,0.146815586
2004,7,235,0.6142315124371537,-2.153900389,1.1919429309320688,-0.062372938
2004,8,236,0.6719395460097608,-1.879231554,1.555375672067717,0.22178660014893076
2004,9,237,0.6626632089487375,-2.091733287,1.250061004878027,-0.035198571
2004,10,238,0.6750587742456798,-2.253493761,0.9925774475292004,-0.18631102
2004,11,239,0.6900631035994365,-1.93559997,1.6234400309832373,0.22433723087759927
2004,12,240,0.6895481573174287,-2.055834967,1.7228328852014356,0.30030044321261645
2005,1,241,0.6595376740369692,-2.124107796,1.4126724485765434,-0.045242325
2005,2,242,0.6487701548503921,-2.150199609,1.2981516213291606,-0.19684267
2005,3,243,0.6740263919596715,-2.125252313,1.5242136775502757,0.015204557604256652
2005,4,244,0.7094844686840313,-1.906499334,1.6220832905322196,0.18353849042134968
2005,5,245,0.7373266191683872,-2.064606999,1.349468191566364,-0.008853324
2005,6,246,0.6766953499705164,-1.961452613,1.6978146061776584,0.15511320751963675
2005,7,247,0.628289211,-1.87322605,1.6684864239545245,0.25938216797416574
2005,8,248,0.7216244416343901,-1.921773395,1.4535456695481477,0.26497311763841214
2005,9,249,0.6726882503487182,-1.938923406,1.1688235810246383,-0.001987545
2005,10,250,0.68637759,-1.769423306,1.647305870822337,0.13590943816483603
2005,11,251,0.6523265925641774,-1.96330989,1.3636579536200468,0.1290774314488835
2005,12,252,0.5875272370600836,-1.99376468,1.5984326878114123,0.17254016490094032
2006,1,253,0.6593620054253619,-2.019196766,1.5267793623828982,0.2690973195412921
2006,2,254,0.6204038659074251,-1.80088815,1.611471212193084,0.35115235786355214
2006,3,255,0.6497197692265836,-1.789768158,1.4871517824621432,0.18143155024758756
2006,4,256,0.6540493598315229,-1.736379471,1.469015785296448,0.19652146720193547
2006,5,257,0.6110294458512856,-1.871317345,1.7526096777887574,0.099718695
2006,6,258,0.6882531120892408,-1.87359433,1.4440498705611033,0.30035731026967405
2006,7,259,0.620753197,-1.883777338,1.4300785228999255,0.3458324469551604
2006,8,260,0.625146507,-1.985777977,1.4529246966491385,0.098016743
2006,9,261,0.679872886,-1.921913603,1.341868842485542,0.1421459981510115
2006,10,262,0.6138065521530756,-1.93498603,1.1954956306737483,-0.004729709
2006,11,263,0.6979529994329023,-1.570348114,1.6168771197731124,0.6095056559137199
2006,12,264,0.6344285005540526,-1.833133126,1.5307585857431016,0.3940124430766474
2007,1,265,0.6034226715843255,-1.611224571,1.6751983377493116,0.5498273099088374
2007,2,266,0.7303001372991452,-1.625137611,1.5467651192973308,0.43001364868218495
2007,3,267,0.6702039914377285,-1.829124319,1.4477599963383239,0.20476710597690295
2007,4,268,0.6965832603840034,-1.884366928,1.4488018285226532,0.26154724634792315
2007,5,269,0.6931649571215978,-1.834407786,1.5533940858543347,0.2621696913466378
2007,6,270,0.6663540926172141,-1.924959293,1.413561342532732,0.1388616932948616
2007,7,271,0.66589663,-2.118147548,1.1960874952863074,-0.083075452
2007,8,272,0.6682314818440812,-2.031862085,1.3017030147601758,-0.107655731
2007,9,273,0.7256649133661013,-1.947233651,1.3660995407834062,0.21035822531888865
2007,10,274,0.7041504814557361,-2.001671086,1.364306027926101,0.095808089
2007,11,275,0.6710078694106756,-1.851202426,1.4822370022536209,0.13806940439449894
2007,12,276,0.6341711147617022,-1.825559629,1.3784918069183412,0.3540221287056509
2008,1,277,0.7116252682257849,-2.138636136,1.0633477792442916,0.088065832
2008,2,278,0.7036612451025104,-2.102347575,1.157158361357016,-0.051669183
2008,3,279,0.7485167203854115,-1.900102834,1.6219317744941724,0.281170447
2008,4,280,0.7298368740763974,-1.882665834,1.0152068874110447,0.11892195492375773
2008,5,281,0.7167758872256697,-1.721124002,1.5068691235375575,0.28729309676771153
2008,6,282,0.7320023968793172,-1.816183753,1.314344021522557,0.29670291491985995
2008,7,283,0.743234144,-1.914742329,1.2104883651028522,0.13896518267141234
2008,8,284,0.7291982700909401,-1.968239248,1.5681854138352571,0.14507347177209057
2008,9,285,0.8274754163580461,-1.991421736,1.0698359292459507,-0.072345274
2008,10,286,0.7953135997266981,-1.895950478,1.0744711430929752,0.11833247367642609
2008,11,287,0.7923145098529698,-1.755476496,1.381496080614102,0.3568875992589784
2008,12,288,0.6971418559919517,-1.905870322,1.131069667512597,0.094474439
2009,1,289,0.7409861329448844,-1.9223954,0.9445119403229154,0.21192550053315404
2009,2,290,0.7113833131614402,-1.89449825,1.3527870649792475,0.3732586426802831
2009,3,291,0.7501451720578609,-1.851364174,1.3384670025704493,0.3670688765286614
2009,4,292,0.7248293801953478,-1.679080849,1.545077392926933,0.668124327
2009,5,293,0.741242786,-1.677247922,1.4798928966955107,0.5717719924876437
2009,6,294,0.7109701473408936,-1.779310105,1.3661645824996331,0.27629350462418406
2009,7,295,0.7600114404219793,-1.763989678,1.5419310174377698,0.21088994540714245
2009,8,296,0.7675666104203861,-1.937600244,1.3355042169950937,0.18890186880379162
2009,9,297,0.7635739179516816,-1.669945939,1.4867315004153885,0.2766738901479304
2009,10,298,0.7677667978067826,-1.708887354,1.4357863979443584,0.45077781804165684
2009,11,299,0.7249448733286847,-1.774430582,1.4943091968291582,0.391494753
2009,12,300,0.719093812,-1.747099527,1.3894686049022948,0.41686391627477704
2010,1,301,0.8373749230376621,-1.747702344,1.1293279827051839,0.10406546273735662
2010,2,302,0.8482044204836103,-1.845403131,1.1788937887660205,0.26985738204235676
2010,3,303,0.8320661147742117,-1.825270012,1.2642612005243306,0.17289338866335038
2010,4,304,0.8582215258930637,-2.147952397,0.661047581,-0.198816428
2010,5,305,0.8145518708350629,-1.967049561,0.8012606458723599,-0.065360087
2010,6,306,0.8058545109178903,-1.865949203,0.7205248316090846,-0.107290889
2010,7,307,0.8121608258945717,-1.79907438,1.1574291174184286,0.089196887
2010,8,308,0.7462312498487534,-2.054611705,1.169197928574468,0.11411108306149347
2010,9,309,0.7576978099126119,-1.738562395,1.2575901066069402,0.31986425227150106
2010,10,310,0.7413249854864132,-1.83860266,1.0932415190466762,0.21662210059966758
2010,11,311,0.7046977695323453,-1.810427504,1.1297542665554008,0.2612423447031886
2010,12,312,0.7037639996160685,-1.862470311,1.4215132275249296,0.3656241439715867
2011,1,313,0.7176749602612434,-1.65248299,1.4692492603843565,0.2908705918397495
2011,2,314,0.6886608323954985,-1.81020753,1.1144024806642303,0.2655422580914095
2011,3,315,0.7540300777350779,-1.745255875,1.0067131784914725,0.10625594232689274
2011,4,316,0.6624319190042871,-1.955350136,0.7301983170760313,-0.030885296
2011,5,317,0.6742352272849859,-1.795350366,1.312985670446531,0.21984611510648783
2011,6,318,0.7135810658676546,-2.038000668,1.0482662369095093,-0.042253868
2011,7,319,0.6864529190055253,-2.036348897,0.8647872128969047,-0.001451077
2011,8,320,0.7767898902927881,-1.898592899,1.0458201758998729,-0.01982996
2011,9,321,0.6856275584895459,-1.982209438,0.8389993413405593,-0.023587889
2011,10,322,0.7636560197811489,-1.859351961,0.8695046988145381,-0.067835697
2011,11,323,0.7449191976237486,-2.200599121,1.0967553472806055,-0.065887428
2011,12,324,0.7346061462761166,-1.947441291,1.0694704470450658,0.004485483
2012,1,325,0.7091793902674667,-1.937673011,1.1152294656016748,0.16547849140501308
2012,2,326,0.698891476,-1.965919373,1.3155988477896328,0.057410462
2012,3,327,0.702077634,-1.921345633,1.3066617742596827,0.17488870830104783
2012,4,328,0.7833937217363871,-1.911665116,1.4542788152125496,0.2575727690062824
2012,5,329,0.7237015389928605,-1.955460173,1.1438182133165387,-0.028631168
2012,6,330,0.7187268423934939,-1.983880579,1.0034457802794134,0.059768074
2012,7,331,0.7274272563820074,-2.324752068,0.830607304,-0.138299852
2012,8,332,0.7107824804832072,-2.043875449,1.1226225124288727,0.065353052
2012,9,333,0.716907061,-1.769379079,1.1930154295567568,0.32780080954863633
2012,10,334,0.7149804451509599,-1.755447866,1.1352734669046811,0.2322232747813558
2012,11,335,0.6988707854481411,-2.060196306,1.1172660685837705,0.091468478
2012,12,336,0.6425604552783264,-2.041592732,1.2203820470548483,0.12059474299844666
2013,1,337,0.705924865,-1.891988169,1.1938261696657062,0.24525107022729592
2013,2,338,0.6541065531201957,-1.988562186,1.0931142719265456,0.25875273139188165
2013,3,339,0.7134457255786851,-1.936839251,1.1659088580009045,0.18796030014727705
2013,4,340,0.7180222887640565,-1.961567179,1.0771277168516429,-0.092425398
2013,5,341,0.6882768704033013,-1.908614335,1.1133358897297154,0.14086816018792012
2013,6,342,0.6661122288921533,-1.866075758,1.2584461540668657,0.2095057250303146
2013,7,343,0.661206387,-2.144562614,0.9640161995522446,-0.012221525
2013,8,344,0.6795166913361262,-2.033476139,1.182756251921615,0.06801451
2013,9,345,0.7034211306274903,-1.887515236,1.2902308463105827,0.031599043
2013,10,346,0.7319593451628488,-2.068283936,0.9949399998395535,-0.035027494
2013,11,347,0.6694777953700756,-1.828638769,1.3822230779098716,0.3406424066166528
2013,12,348,0.7068226497698669,-1.917222533,1.2977985369078686,0.20750045681068102
2014,1,349,0.6601102110678272,-1.842207749,1.376248418763046,0.2051480105525003
2014,2,350,0.666690951,-1.861809432,1.2254327475305113,0.19639339939477832
2014,3,351,0.6798663670790097,-1.933628452,1.2031184479393826,0.1988099315728817
2014,4,352,0.6698308752629767,-2.083400515,1.224548154720413,0.066765076
2014,5,353,0.7067581594495902,-1.95892802,1.3205382532761485,0.086881078
2014,6,354,0.6424467906893285,-1.974621946,1.1920670951121168,0.19081891871212683
2014,7,355,0.7112715054894023,-1.910882725,1.2685417024785575,0.17355394795090084
2014,8,356,0.6852052487987963,-2.009720199,1.2387998395940174,0.098404366
2014,9,357,0.6885370307159328,-1.912264676,1.2980977364480792,0.2434062212505211
2014,10,358,0.6544940651131594,-2.069989802,1.1184924828018574,0.022989089693636413
2014,11,359,0.6323434583425267,-2.074308547,0.9804079366859145,0.028953734470324087
2014,12,360,0.6813641023388053,-2.000298593,1.1943564403341558,0.15364069261720836
2015,1,361,0.6533982639197329,-1.797146358,1.236968865214954,0.15917937479167346
2015,2,362,0.6863196759812532,-1.848148083,1.1841161824888016,0.32480078655993183
2015,3,363,0.6642056708570923,-1.726407624,1.1572739388822253,0.2697984733024014
2015,4,364,0.711780832,-1.846735253,1.2398124143704181,0.14025751344583826
2015,5,365,0.6739758986233533,-1.838875791,1.6756485449417466,0.33585826452848583
2015,6,366,0.7088729220327397,-1.698045141,1.4888022746608318,0.44230483600004916
2015,7,367,0.6413588441644561,-2.019138631,1.3809235287680954,0.33544886779962235
2015,8,368,0.7058445476850914,-1.932177021,0.9803942984316234,0.2176795958312322
2015,9,369,0.6863216191845118,-2.035046794,1.2759318519695388,0.15717439503897995
2015,10,370,0.6908907545371159,-1.836606742,1.3254451730978878,0.2642076954518503
2015,11,371,0.6467969200770416,-1.965954077,1.0759269349889147,0.098498487
2015,12,372,0.7024620800161441,-2.195250618,1.0576903490726928,-0.055895603
2016,1,373,0.6966710786200438,-1.893090014,0.9335939221927316,-0.060735492
2016,2,374,0.724838778,-1.903686329,1.235793813840699,0.035440587
2016,3,375,0.7402578203093837,-1.874038257,1.3622267419289493,0.11565100814838289
2016,4,376,0.782815488,-1.791448433,1.4873799423518395,0.3257519679395179
2016,5,377,0.7081797139383907,-1.934758612,1.339322506325067,0.11813841683786314
2016,6,378,0.725146144,-1.790162351,1.2670523191593848,0.28738164405453515
2016,7,379,0.6550587725938397,-1.796456145,1.4314277670215043,0.35806398488201663
2016,8,380,0.6809328334886292,-1.580421708,1.4200544511764916,0.4720956158592011
2016,9,381,0.7177443188834961,-1.93848322,1.5667612958776023,0.21062972222719856
2016,10,382,0.6877452354071851,-1.688843504,1.532608887637985,0.45324556754175455
2016,11,383,0.8355943969222972,-1.379819742,1.224945114924952,0.3892233442821136
2016,12,384,0.7217837505211648,-1.517745988,1.4640149828735054,0.6211996552922538
2017,1,385,0.7656319839081225,-1.661979342,1.4187156087657242,0.4927488376423106
2017,2,386,0.7082359985168762,-1.469008818,1.5311767753982202,0.7322701469744435
2017,3,387,0.6589258312535686,-1.511272397,1.709086924580427,0.7544111122039487
2017,4,388,0.6639792780277591,-1.658012397,1.3800214204424757,0.413598717
2017,5,389,0.7175779658857346,-1.671555519,1.6553294466398345,0.49504231388716324
2017,6,390,0.6843137336213301,-1.77575388,1.4715671542222433,0.4548459055507016
2017,7,391,0.6705691290521887,-1.805520454,1.3732051931281672,0.30591330477927214
2017,8,392,0.6503493064520779,-1.671880233,1.5186298960026823,0.5937577857660359
2017,9,393,0.6932667274581843,-1.812421393,1.6921247629880554,0.3692947500288963
2017,10,394,0.7473657706066305,-1.715938692,1.3726297233900935,0.372819011
2017,11,395,0.7366459934930134,-1.745215891,1.3875714398905346,0.5482362788134133
2017,12,396,0.6754043115195025,-1.645579251,1.485449855,0.5988768316840796
2018,1,397,0.649332881,-1.802444335,1.3534013818907205,0.5066333906105485
2018,2,398,0.6984541459937567,-1.863600996,1.0731108612359281,0.3200874324292633
2018,3,399,0.6719554638213301,-1.857808227,1.1543805889852716,0.2254516803522365
2018,4,400,0.7056830296031829,-1.930831515,1.440988248062765,0.3803117270143942
2018,5,401,0.7485933127009866,-1.782454106,1.5708710765406453,0.27302213255678076
2018,6,402,0.7104250366311629,-1.750817684,1.4242618286269564,0.4470436390912238
2018,7,403,0.6468611357521492,-1.767252872,1.2892185160872156,0.1669689876796218
2018,8,404,0.6853969135360081,-1.892195767,1.3261885316960882,0.2328934924592209
2018,9,405,0.6598558436841452,-1.79966615,1.617761297,0.43162860026052907
2018,10,406,0.7028196781169979,-1.806277119,1.4847258005027162,0.32326082307472503
2018,11,407,0.6695722199349374,-1.988161833,1.3261623295487213,0.23476902354987333
2018,12,408,0.6838809009009768,-2.096495662,1.177998693060848,0.12736605749713836
2019,1,409,0.7419974694791536,-1.86000302,1.6925813823574867,0.4933594614579404
2019,2,410,0.6643263107875013,-1.83560171,1.7314486140952101,0.4359572133054494
2019,3,411,0.6682043980848011,-1.982951604,1.486582619513657,0.2300349500131827
2019,4,412,0.6321315449458123,-1.946623491,1.6967841204979108,0.2643739301429438
2019,5,413,0.6274128214293884,-1.820967522,1.6773955721656049,0.26140992323826306
2019,6,414,0.6198849523366168,-1.85845908,1.5328437112562057,0.446544326
2019,7,415,0.6544227471706681,-2.089439658,1.4245749546735693,0.11202324355060814
2019,8,416,0.6838239083592437,-2.123782131,1.139705520136705,-0.020343694
2019,9,417,0.6530177111545568,-2.027796687,1.4122068021924705,-0.110520022
2019,10,418,0.6606756041938434,-2.164101498,1.412898819,0.073189427
2019,11,419,0.6475221700205964,-2.001354421,1.3664140265541858,0.10184993776828663
2019,12,420,0.6938450576237657,-2.028026065,1.3276672925088728,0.1554272042049825
2020,1,421,0.6811579695817573,-1.844573446,1.530176657894891,0.33278815339300793
2020,2,422,0.6499731887180304,-1.961845905,1.2451337219712442,0.29315072540585574
2020,3,423,0.7172626331513193,-1.891126208,1.6180657141770556,0.2571861715317948
2020,4,424,0.7928649401904125,-1.77121614,1.7666270777906006,0.4672585476028308
2020,5,425,0.7069021538290876,-1.955947484,1.848568878711957,0.3490203606883416
2020,6,426,0.6995500339407804,-2.084876772,1.3688793069252871,0.36800780013258116
2020,7,427,0.6924777563593836,-1.895217907,1.512342681658039,0.3563379338031005
2020,8,428,0.7277662487003481,-1.846130387,1.3073817395162828,0.31198347159660333
2020,9,429,0.6941940519215827,-1.916906451,1.4785501227419957,0.5253817241950761
2020,10,430,0.6953700144986293,-1.741989695,1.426352645,0.3473059454810971
2020,11,431,0.770096859,-1.415879299,1.5287125909098156,0.6056619369613776
2020,12,432,0.6458250594717918,-1.573865112,1.4450384045467832,0.43666805868032155
2021,1,433,0.7062032511522789,-1.567198332,1.7573807617906896,0.5479094195981749
2021,2,434,0.6769294599805663,-1.757528432,1.5330294050514055,0.1786670459550096
2021,3,435,0.7151911802868847,-1.735117474,1.5962264641740975,0.45869758561237667
2021,4,436,0.7765791890493849,-1.787012199,1.4959829190729788,0.10505370982796493
2021,5,437,0.671421634,-1.531046426,1.8580488792481538,0.7980014743119724
2021,6,438,0.7002672380760684,-1.90132135,1.5176603620390952,0.43015985955526115
2021,7,439,0.7799098447276405,-1.917572248,1.5218817774529556,0.13349379569204223
2021,8,440,0.7559518357146628,-1.690297184,1.4465597304767668,0.3834439794725679
2021,9,441,0.7310548913793585,-1.854386066,1.4768567408134543,0.20721847473822447
2021,10,442,0.7624919312950245,-1.733347171,1.7343618437858717,0.38379363016267476
2021,11,443,0.687204152,-1.728674331,1.582948020206964,0.3422134263017209
2021,12,444,0.7799223831228055,-1.843902294,1.444149497710506,0.1979464075540606
