Year,quarter,QuarterIndex,UncertaintyIndex,LMIndex,GIIndex,LSDIndex
1985,1,1,0.6101506062390978,-1.903283242,1.3150056795173557,0.073257796
1985,2,2,0.6581532165823077,-1.875229559,1.3342158422475003,0.10143031545028353
1985,3,3,0.6665427525547378,-1.985977605,1.295428721498558,0.063053164
1985,4,4,0.6805208395548434,-1.913422295,1.3401084862473098,0.1925349549531385
1986,1,5,0.6776692254348922,-1.936702188,1.0665037516439968,-0.073258838
1986,2,6,0.6802027107536229,-1.991232588,1.130248330850404,0.046875957778848204
1986,3,7,0.6895110179618827,-1.97019765,1.009879679267756,-0.095222052
1986,4,8,0.6755835390949776,-1.90101372,1.0684504983800533,-0.028886556
1987,1,9,0.6873889438845309,-1.928431517,1.2091673681120978,-0.014439429
1987,2,10,0.6891024757182355,-2.041125857,0.9800141557597386,-0.181004116
1987,3,11,0.696519471,-2.093343654,1.1339328770390948,-0.079733818
1987,4,12,0.7122970319486566,-1.956092508,1.0308769264548174,-0.063498337
1988,1,13,0.6998566084525665,-2.040208172,1.0645927593138398,-0.077524753
1988,2,14,0.6883838373905713,-1.943141276,1.3002697252887065,0.046986508386487574
1988,3,15,0.6474716097574974,-2.031661053,1.0496402065102655,0.064116072
1988,4,16,0.6751114426427711,-2.034483746,1.1558985322362056,-0.075942252
1989,1,17,0.6980035295585703,-2.160991656,0.9549757227013677,-0.23932474
1989,2,18,0.6801753225945344,-2.066091563,0.9324663300655782,-0.110600676
1989,3,19,0.6691137259258395,-1.97852916,0.956968202,-0.085122563
1989,4,20,0.643319097,-2.061731423,1.1637052610624616,0.058987223
1990,1,21,0.6725375335609955,-2.09020625,0.8876643838214328,-0.161216133
1990,2,22,0.6671899628653797,-2.092877231,1.1408048939525879,-0.079681806
1990,3,23,0.6849115165107925,-2.248191461,0.8443989358256583,-0.372412336
1990,4,24,0.6853765401947668,-2.069531473,0.9793533975577704,-0.035636872
1991,1,25,0.6718703810153677,-2.119307938,1.0045905063510383,-0.009212081
1991,2,26,0.6737520694786541,-2.02876822,1.2039697001584182,-0.018239118
1991,3,27,0.6717987081634035,-2.24360456,0.7814090694724156,-0.236254685
1991,4,28,0.6579517421453205,-2.02853033,0.9958189114382089,-0.044360036
1992,1,29,0.6690469115166059,-2.012773182,1.0915462401156368,-0.014647443
1992,2,30,0.6691505732242904,-1.850560115,1.1992250177876185,0.13382280700328103
1992,3,31,0.6652588953756097,-1.980798065,0.838932335,0.012256821553757655
1992,4,32,0.6438573087113453,-1.744570053,1.4333931744883655,0.3806687578146043
1993,1,33,0.6578384815886238,-1.741307432,1.1313066068561972,0.22479379342113565
1993,2,34,0.6516889721877526,-1.7744215,1.2758566824608466,0.3183575509152091
1993,3,35,0.6683759964063191,-1.668950132,1.4067801100895123,0.33176359566728236
1993,4,36,0.6281344610422149,-1.746368025,1.4275704003692264,0.4830909960682178
1994,1,37,0.6441272626854275,-1.746005103,1.355552103843479,0.3329898399968666
1994,2,38,0.7089488587455328,-1.768021295,1.3350448240144093,0.13787742481196066
1994,3,39,0.6526086658101683,-1.735279487,1.4068632775876573,0.27952064576576907
1994,4,40,0.6721456182045714,-1.759142323,1.3975895201671693,0.3453248640743294
1995,1,41,0.6874391915436726,-1.847639866,1.245384033059231,0.26793748281631175
1995,2,42,0.6143770000901547,-1.774643167,1.3377620526610663,0.3218954827987944
1995,3,43,0.6646510950732689,-1.761434781,1.240759160515768,0.13220956813218274
1995,4,44,0.6531395472827752,-1.987155739,1.1206153817671827,0.070084042
1996,1,45,0.6207975525690144,-1.671495812,1.344791164974164,0.32947053788501035
1996,2,46,0.6227980730640239,-1.846678714,1.3769248607688116,0.19025532291214692
1996,3,47,0.6290053317584119,-1.705857041,1.3973121650675968,0.3256950289478059
1996,4,48,0.682972301,-1.785593064,1.2631516917659347,0.26843748614666235
1997,1,49,0.6304230262219852,-1.726616961,1.4726459714323261,0.35534979809191813
1997,2,50,0.6532306092698146,-1.733147899,1.4584789525009554,0.24897461084071246
1997,3,51,0.6496637378962269,-1.792311129,1.5966034456348352,0.18611411397474803
1997,4,52,0.6471239884324033,-1.708323356,1.472566515418042,0.4284195647591877
1998,1,53,0.6368864738026471,-1.691380556,1.627082952406898,0.5053136621178613
1998,2,54,0.6593148695108173,-1.761988201,1.3351924459633324,0.24833897891705986
1998,3,55,0.6500055318371143,-1.76569433,1.455899401104228,0.2709554863903961
1998,4,56,0.6463545217435123,-1.74472029,1.4577192157309184,0.4028965800793304
1999,1,57,0.6773696690731299,-1.686336777,1.3194530712660075,0.24401703755609297
1999,2,58,0.6093940562445257,-1.682147161,1.421575425137007,0.5165292472647479
1999,3,59,0.6246322606727578,-1.860229697,1.2665656322882914,0.21480547148530252
1999,4,60,0.6490610205792042,-1.699290202,1.4560977308354226,0.3122246902404236
2000,1,61,0.6487795680434372,-1.648306583,1.490138033151354,0.36818727379769567
2000,2,62,0.6194307950286742,-1.75299311,1.5222404560698575,0.284427051
2000,3,63,0.6053428842775035,-1.843138204,1.1562179057805557,0.19019756065293242
2000,4,64,0.6389092738413872,-1.660934125,1.4544162292303882,0.3892525115945592
2001,1,65,0.6320778946677954,-1.845531621,1.2806765427580535,0.1895584034783216
2001,2,66,0.6457146141294523,-1.875326398,1.359711862698187,0.23869058272252516
2001,3,67,0.666773825,-1.862511718,1.2245359374457943,0.11957838277321668
2001,4,68,0.6976853796884867,-1.863831798,1.1267053644222371,-0.106667402
2002,1,69,0.671790087,-1.982047269,1.134502741,-0.07731552
2002,2,70,0.6256389454639535,-2.023330747,1.185675975467991,-0.062864179
2002,3,71,0.6521492604266015,-1.980132375,1.4123794820965978,0.072564481
2002,4,72,0.6435862790190313,-1.992904576,1.4315918673286647,0.15894655615642347
2003,1,73,0.6756345721588173,-1.966876114,1.3050924994758706,0.090536848
2003,2,74,0.6460630540368655,-1.944502039,1.4446451019196025,0.097298642
2003,3,75,0.6030473717449898,-1.935890022,1.391434366467737,0.14225403092720024
2003,4,76,0.6417665002646734,-2.152427836,1.4556714211086148,-0.021622404
2004,1,77,0.6677184405781932,-1.997818062,1.4499102151512084,0.094152465
2004,2,78,0.6257161164081756,-1.935386586,1.3606146571434756,0.15905438149584278
2004,3,79,0.6458044455661592,-2.032063457,1.3165282001204601,0.050971538
2004,4,80,0.6821379482545851,-2.065106465,1.4312789183249062,0.1281872710896021
2005,1,81,0.6572903579823217,-2.104770623,1.4053100801994005,-0.053920299
2005,2,82,0.7027898897517355,-1.961764875,1.5622429135802387,0.1251876145570353
2005,3,83,0.6688907815444705,-1.901406084,1.4131323570388188,0.18609928513091906
2005,4,84,0.6373708096343674,-1.890065489,1.5364435164845267,0.1569872279626488
2006,1,85,0.646575192,-1.845346137,1.5195164680179878,0.27060374038947815
2006,2,86,0.6507249049020128,-1.822546174,1.5519190378158285,0.22119013161956144
2006,3,87,0.6448928088553094,-1.919202356,1.3904006944021978,0.1912497298293241
2006,4,88,0.6443427408377043,-1.759820954,1.4275020653529547,0.3342728250229669
2007,1,89,0.6664459623080441,-1.695385295,1.5518054131286867,0.3811317597854239
2007,2,90,0.6840934859004745,-1.874104802,1.4767883981375256,0.2274095677958529
2007,3,91,0.685038543,-2.019126975,1.3025795171778345,0.02761299
2007,4,92,0.6683372928889276,-1.886101521,1.406742197512913,0.19249515417404475
2008,1,93,0.7254955192180588,-2.033657714,1.3010050000688425,0.1269210779971684
2008,2,94,0.7318561537903776,-1.800005993,1.264117363826362,0.25113554520188264
2008,3,95,0.7659356288106801,-1.954210413,1.2339990923862756,0.042692461866389246
2008,4,96,0.7634146699550823,-1.873201055,1.1399721223887678,0.159781661
2009,1,97,0.7343915321951883,-1.89466728,1.1988448084513448,0.29872087085725696
2009,2,98,0.7292130691172953,-1.728581687,1.4499757324621445,0.4763496275744864
2009,3,99,0.7656970434679713,-1.795663489,1.4224513549014006,0.2063889249990759
2009,4,100,0.739456251,-1.744094277,1.4203442837844338,0.41199600290145727
2010,1,101,0.8403423719748577,-1.816066954,1.1767580625508527,0.1644855967552877
2010,2,102,0.8233748710376789,-1.997264261,0.7259831464726465,-0.129070159
2010,3,103,0.775097149,-1.867551475,1.1811949829742783,0.15973830705776437
2010,4,104,0.7166961225010143,-1.841904935,1.2027869116654035,0.2727442919174776
2011,1,105,0.7228973391654662,-1.743349826,1.1762158817126993,0.20138733389539043
2011,2,106,0.6862527991273482,-1.936214092,1.0143856029336682,0.039847134
2011,3,107,0.7139407395492049,-1.976885114,0.9213483729517655,-0.008105737
2011,4,108,0.7488000746325827,-2.007344601,0.9961878646804303,-0.039838579
2012,1,109,0.7015929648870116,-1.939877263,1.2348962382143078,0.13335071508610893
2012,2,110,0.7392224440418882,-1.954133529,1.1962275608089348,0.087355829
2012,3,111,0.7181843987336869,-2.059903013,1.0517274341851737,0.08556372
2012,4,112,0.6877332051776812,-1.946738638,1.1710331952239623,0.16221285018379894
2013,1,113,0.6924215288570843,-1.947397146,1.1487925929745457,0.22689333412027834
2013,2,114,0.6876946615338353,-1.911943008,1.1453496244032673,0.087717067
2013,3,115,0.6831621092933966,-2.020266356,1.1369530220949144,0.029118030158988024
2013,4,116,0.7030531814677659,-1.945079573,1.2226999948920232,0.17293377247024228
2014,1,117,0.6687326271289107,-1.889390974,1.267908248079647,0.19714381858573088
2014,2,118,0.6718229349780417,-2.010507477,1.2482204106859855,0.11004724775463454
2014,3,119,0.6963884733606305,-1.949007302,1.2709388806403372,0.17055809810797845
2014,4,120,0.6564109496022081,-2.050419371,1.1024289228436182,0.07227358
2015,1,121,0.6651878769188957,-1.796282104,1.196217860362444,0.2553137794920436
2015,2,122,0.6960342860075938,-1.7947077,1.4623899407827228,0.3081071562865954
2015,3,123,0.6774365150660728,-1.999538936,1.2247792809403504,0.24903540169030303
2015,4,124,0.6797643432528488,-2.000537461,1.1685945837166376,0.10828232928183398
2016,1,125,0.7174751785703977,-1.899031369,1.1851152253889443,0.037826712
2016,2,126,0.7372899829891402,-1.845028647,1.3492849057724137,0.2436303684277245
2016,3,127,0.6839782056881303,-1.788014347,1.451029986,0.33275015507921346
2016,4,128,0.7630420404162743,-1.503396206,1.3956919941801664,0.5066579255963185
2017,1,129,0.725110407,-1.505937931,1.5171451509124743,0.6778330905883821
2017,2,130,0.6992550234554985,-1.691569626,1.454772657811937,0.4611017188711721
2017,3,131,0.6729756968788911,-1.741831076,1.5111279037096557,0.4326198859432553
2017,4,132,0.7163931716520359,-1.688653829,1.4146171451393394,0.5281993924402892
2018,1,133,0.6743024321795721,-1.81892184,1.1961626035876134,0.379216325
2018,2,134,0.7209669457381228,-1.82100673,1.448942726649836,0.37953927783785757
2018,3,135,0.6697441636802579,-1.804904553,1.3725418255740762,0.31462704361184674
2018,4,136,0.6878580707061583,-1.939673556,1.283146961380433,0.24043274629665123
2019,1,137,0.6869779292082895,-1.893420179,1.5802677948199004,0.38704183536896586
2019,2,138,0.6335319938470357,-1.868679656,1.5917801776921958,0.32673091498645873
2019,3,139,0.6681883972020551,-2.075206585,1.2976835341544977,-0.014314592
2019,4,140,0.6686257091061992,-2.064885449,1.364502963,0.1196434632641217
2020,1,141,0.6840259870752704,-1.909364281,1.451237114214587,0.29537175582193664
2020,2,142,0.7310337607880925,-1.943587463,1.643464762312262,0.3763578818131188
2020,3,143,0.7042723086209726,-1.894569963,1.412564361625504,0.39678598648589164
2020,4,144,0.6990441,-1.573601393,1.4491641786744274,0.47390187280071566
2021,1,145,0.6984368401111724,-1.693886896,1.5876184713497454,0.3915765407521049
2021,2,146,0.7155934577285391,-1.754359199,1.6102391733755002,0.42649312773665904
2021,3,147,0.7543755001575239,-1.842954872,1.472677859896327,0.2209406061876155
2021,4,148,0.7429069004070408,-1.771886729,1.5929925991459188,0.31079524577816964
