year-month,RegRelevance
1985-1,105.43577241020286
1985-2,107.90656381929772
1985-3,114.3497448402727
1985-4,112.78399422544206
1985-5,110.35835465658894
1985-6,112.20384270200748
1985-7,106.3065279170637
1985-8,113.5347681769172
1985-9,99.81216318665732
1985-10,100.08764244493345
1985-11,94.97850907570016
1985-12,103.86104466889452
1986-1,113.79769064299069
1986-2,96.66538134946512
1986-3,97.99186155938635
1986-4,103.55609748302072
1986-5,106.14561714316666
1986-6,108.89528985631583
1986-7,100.90307018746537
1986-8,98.29220065380952
1986-9,97.26853446896861
1986-10,92.27745392893249
1986-11,100.73165991198194
1986-12,108.64899910067071
1987-1,96.73044486006752
1987-2,110.25755511358412
1987-3,109.08769575113223
1987-4,95.35753473642217
1987-5,84.99244980348756
1987-6,102.63088725675418
1987-7,102.65161867622865
1987-8,96.08559338052926
1987-9,87.41096624139978
1987-10,95.16547056478677
1987-11,86.97555437983436
1987-12,76.06902250952558
1988-1,90.60257544399202
1988-2,93.41722092424406
1988-3,88.13973773561092
1988-4,91.68443415172716
1988-5,91.15725657189685
1988-6,99.46406313471012
1988-7,89.23101603230069
1988-8,92.35974358304316
1988-9,90.9385709628233
1988-10,93.1389757846476
1988-11,94.9470003643393
1988-12,103.97189517470167
1989-1,102.47115107959505
1989-2,103.70920690001505
1989-3,108.84477976531691
1989-4,104.84502331040365
1989-5,100.76293221971535
1989-6,100.1642025481409
1989-7,104.1656909667999
1989-8,102.65028918592294
1989-9,99.27602273259423
1989-10,96.28910570614154
1989-11,101.44663283685045
1989-12,88.99006253473388
1990-1,96.48739813615036
1990-2,103.39715717783916
1990-3,106.35448979920396
1990-4,105.76638173474619
1990-5,94.92468227966998
1990-6,100.07684731733983
1990-7,109.62291293919641
1990-8,88.4598231153613
1990-9,92.36730603836307
1990-10,92.17864040927635
1990-11,92.59794558362826
1990-12,109.54725762485864
1991-1,99.30596464187018
1991-2,97.2228434339631
1991-3,90.07232875540501
1991-4,100.04471165549711
1991-5,114.63831036233613
1991-6,121.4343908423446
1991-7,115.01793749770921
1991-8,108.0475194795416
1991-9,109.28045481954157
1991-10,101.98760521295459
1991-11,114.7692970802852
1991-12,92.4870269969322
1992-1,96.58649831102058
1992-2,93.74952408885243
1992-3,102.58184347230008
1992-4,96.95232523758037
1992-5,88.04042566179254
1992-6,100.25636722879935
1992-7,94.5506806839327
1992-8,85.92389876996727
1992-9,89.22057748283123
1992-10,102.6875631157729
1992-11,90.17458746294353
1992-12,91.34432675009273
1993-1,90.65939629493982
1993-2,88.35036077907297
1993-3,91.76608113206126
1993-4,81.78151688405218
1993-5,88.71216581031304
1993-6,92.84169251697503
1993-7,90.55377351616664
1993-8,79.96951334631875
1993-9,95.15052293634602
1993-10,89.06350811096503
1993-11,92.2493404806204
1993-12,95.94876298344755
1994-1,96.06350164939542
1994-2,95.63760461067544
1994-3,95.65188789944746
1994-4,93.65459159940482
1994-5,95.80737066803778
1994-6,91.8520031945957
1994-7,94.1955992071029
1994-8,95.76819262907024
1994-9,93.1142906259158
1994-10,93.96000000888783
1994-11,97.99981405573399
1994-12,92.14152403403375
1995-1,95.53496200605522
1995-2,111.67568723308192
1995-3,105.60568381510825
1995-4,96.49701880677206
1995-5,93.96110810629303
1995-6,101.04764537541712
1995-7,105.97330384987106
1995-8,116.38407886022708
1995-9,94.1455865232061
1995-10,83.03203197758734
1995-11,105.62563224456707
1995-12,93.11755676413372
1996-1,89.58984830395299
1996-2,87.99393395875094
1996-3,90.16791598172374
1996-4,100.44325260482174
1996-5,95.44225089866397
1996-6,101.2416386551638
1996-7,92.09840395173023
1996-8,103.45090365904174
1996-9,86.11347947027895
1996-10,89.65151507749034
1996-11,95.36561516987045
1996-12,91.5821072865889
1997-1,90.31894302223762
1997-2,95.6339810294559
1997-3,94.33857596117326
1997-4,98.13708647465606
1997-5,99.02436835954906
1997-6,126.20712606227112
1997-7,95.9392953332682
1997-8,89.74371253316062
1997-9,89.1807027426976
1997-10,88.2990011645119
1997-11,94.75467025200867
1997-12,92.56945570652096
1998-1,87.99162878124098
1998-2,83.74817092907263
1998-3,99.38673695306815
1998-4,99.44058022324165
1998-5,102.19445649938044
1998-6,105.1710608606747
1998-7,103.08765351091924
1998-8,84.82864348316065
1998-9,88.8832770389421
1998-10,92.64553897965564
1998-11,91.42937118656825
1998-12,86.39052304382139
1999-1,85.44852496398617
1999-2,96.8771885571982
1999-3,97.79038035636952
1999-4,90.05706729439025
1999-5,99.53938700701367
1999-6,97.60364026094682
1999-7,110.45831395516241
1999-8,103.61082837845248
1999-9,107.21642001224149
1999-10,102.38199059594778
1999-11,96.14401027481782
1999-12,91.35901495695757
2000-1,96.50308837759786
2000-2,96.00806995238827
2000-3,105.53861326269836
2000-4,94.14113950659365
2000-5,106.01369541902096
2000-6,112.86810078224404
2000-7,95.3036955779243
2000-8,94.3400222060013
2000-9,106.80235020404261
2000-10,93.04880939474045
2000-11,92.44130678004018
2000-12,107.80949744587866
2001-1,117.97952275517548
2001-2,96.86942133106248
2001-3,106.28249012583652
2001-4,105.28799334868548
2001-5,108.89880123913443
2001-6,105.48425112600698
2001-7,108.62620091045186
2001-8,99.59273056607186
2001-9,83.1629806127543
2001-10,69.37125563382851
2001-11,76.38783427445908
2001-12,82.5078754734343
2002-1,100.24872382802809
2002-2,114.89265516497886
2002-3,98.99999208456165
2002-4,92.76984414183553
2002-5,108.39656722773647
2002-6,106.12908984665802
2002-7,132.20829222212495
2002-8,112.47402034403824
2002-9,100.17065407630461
2002-10,104.4191393910911
2002-11,104.12026651306057
2002-12,108.15499698211865
2003-1,110.23818026561055
2003-2,101.96955545411332
2003-3,90.72900252122247
2003-4,90.36609627397699
2003-5,96.01748218856115
2003-6,102.94231746173007
2003-7,103.06158468363307
2003-8,113.75934287937116
2003-9,119.46937084155536
2003-10,112.9158806426939
2003-11,120.57663291526737
2003-12,116.03320454849813
2004-1,99.73943555161279
2004-2,104.9895808595697
2004-3,99.47742750536811
2004-4,105.82770893266326
2004-5,100.97620729110747
2004-6,100.6595196232848
2004-7,97.35402776339592
2004-8,92.59260375151763
2004-9,105.29394993855722
2004-10,108.40408438175864
2004-11,98.7948239218716
2004-12,115.52769633831447
2005-1,93.92483107939985
2005-2,105.11845564821122
2005-3,113.16634089104777
2005-4,107.30480637680958
2005-5,97.80431514178049
2005-6,116.58779008982964
2005-7,102.26860982138166
2005-8,96.01668808405582
2005-9,90.92239053060547
2005-10,93.71078802121721
2005-11,93.73669270698198
2005-12,98.75356267980652
2006-1,93.88731787393033
2006-2,95.33973703167084
2006-3,94.01349714550553
2006-4,92.5242040727839
2006-5,91.27671776519985
2006-6,101.93618944576241
2006-7,93.8190698054915
2006-8,100.70291176829716
2006-9,97.17049529317995
2006-10,92.54831212153566
2006-11,95.81840526419325
2006-12,104.11831476259663
2007-1,102.11064978420649
2007-2,99.70358457672347
2007-3,113.81251228686214
2007-4,114.27746193501291
2007-5,124.91269242984947
2007-6,114.26732210787877
2007-7,105.32207547831253
2007-8,108.63010263934697
2007-9,113.03564306259373
2007-10,99.29643597291061
2007-11,105.25917457287599
2007-12,104.46881932755767
2008-1,94.39802485186483
2008-2,104.99781939052605
2008-3,123.08653433670355
2008-4,118.96524831015583
2008-5,97.98056523470339
2008-6,109.17729447573976
2008-7,121.62786869571077
2008-8,100.9782966413601
2008-9,142.45642863289285
2008-10,124.31643982357424
2008-11,107.54464701806923
2008-12,114.49258025789673
2009-1,107.26144466636893
2009-2,113.11148091848445
2009-3,126.5657858618897
2009-4,110.29702353001169
2009-5,105.05323027199897
2009-6,130.4799020910504
2009-7,119.16575057799987
2009-8,110.78940388432791
2009-9,123.8499109841957
2009-10,123.10030820593245
2009-11,104.02126372894239
2009-12,118.56009263750268
2010-1,121.43800679853568
2010-2,116.21461653697176
2010-3,133.15657406574428
2010-4,150.82787476077027
2010-5,164.00422739826905
2010-6,148.29446432358878
2010-7,149.23851744774157
2010-8,127.30842110096961
2010-9,133.0897846405477
2010-10,139.15609677942237
2010-11,120.76559359792388
2010-12,128.43835044765842
2011-1,127.25813588641003
2011-2,121.9869061998213
2011-3,141.3135965837984
2011-4,122.90891234109486
2011-5,105.81552719758453
2011-6,120.2528415740304
2011-7,116.84732544279659
2011-8,123.49049507829959
2011-9,119.11533703617903
2011-10,118.59365551177773
2011-11,117.75386254013536
2011-12,113.32865311618002
2012-1,115.98179754178695
2012-2,117.96474900353907
2012-3,116.69688040487988
2012-4,116.2237305844625
2012-5,125.93973301881528
2012-6,129.63843571994352
2012-7,131.83537072760305
2012-8,115.5015821962026
2012-9,100.67180921499298
2012-10,111.7069533353091
2012-11,108.53360427414472
2012-12,116.87056362307631
2013-1,117.81856330209328
2013-2,115.59188449412811
2013-3,119.63476228458651
2013-4,121.42586830952897
2013-5,120.07043223227765
2013-6,120.89723995321664
2013-7,137.17066162967734
2013-8,124.19282104022413
2013-9,127.61027781008721
2013-10,122.7067455257667
2013-11,127.3328500408365
2013-12,129.9277278521183
2014-1,121.64163536773282
2014-2,135.7185963335328
2014-3,132.99126053708912
2014-4,143.92496111506549
2014-5,134.43593943601982
2014-6,131.33553269086448
2014-7,134.6859156101025
2014-8,123.31517252755559
2014-9,116.53017566104485
2014-10,114.23171680642614
2014-11,131.09032735050366
2014-12,135.9858588294927
2015-1,124.76320097746235
2015-2,130.07970340804786
2015-3,122.4565464333342
2015-4,127.64993893792142
2015-5,134.15565153542497
2015-6,136.59111892671788
2015-7,136.243891446201
2015-8,118.5282262663092
2015-9,126.88061125897921
2015-10,145.341382871329
2015-11,136.35926715272043
2015-12,136.73868296901827
2016-1,138.26661682609375
2016-2,131.99656974858985
2016-3,141.65312455753104
2016-4,141.24756817342694
2016-5,144.30613052973484
2016-6,140.98551866151487
2016-7,124.09399498221164
2016-8,120.68729854529882
2016-9,125.78392743967103
2016-10,124.96834374642194
2016-11,151.18954313965796
2016-12,168.36566291467994
2017-1,167.77122809932112
2017-2,164.86840419314447
2017-3,152.6604527624614
2017-4,137.1415357869204
2017-5,125.46095523832979
2017-6,131.89087427815272
2017-7,135.73366677058254
2017-8,117.59787418251682
2017-9,109.56976547972842
2017-10,122.70888899791335
2017-11,116.81353538941532
2017-12,123.03045929289426
2018-1,123.45445045860792
2018-2,117.34810193289798
2018-3,128.88965975504794
2018-4,133.37987950436414
2018-5,128.6498679069962
2018-6,120.3629517293973
2018-7,126.12278136803124
2018-8,121.16226815755299
2018-9,110.29090852889875
2018-10,104.35555974284065
2018-11,114.63510906396336
2018-12,116.88869432044443
2019-1,109.63155472529093
2019-2,119.56019518588398
2019-3,129.33188101307286
2019-4,121.66597549075469
2019-5,121.04969507704507
2019-6,129.12887562083634
2019-7,134.04540128723048
2019-8,128.89658786774336
2019-9,151.71325270204943
2019-10,133.88698105329084
2019-11,133.7168270715631
2019-12,140.38842107342444
2020-1,144.69632835105773
2020-2,120.73671045010208
2020-3,118.04956027955222
2020-4,112.9010584595051
2020-5,143.15179303968452
2020-6,124.38426840615723
2020-7,124.88945398014293
2020-8,118.74721362716718
2020-9,130.33103816971314
2020-10,123.61172463414184
2020-11,131.34535430413843
2020-12,169.91142882970297
2021-1,141.67792783362896
2021-2,139.84305041170427
2021-3,137.6813599519613
2021-4,137.79460328837504
2021-5,135.10056658125683
2021-6,135.0076050287367
2021-7,140.45398406647246
2021-8,126.93072827516372
2021-9,133.448271313556
2021-10,154.33196124990832
2021-11,137.38520568717823
2021-12,131.66389884957067
