Newspaper,Year,Month,DominantDistinctArea1,DominantDistinctArea2,DominantDistinctArea3,DominantDistinctArea4,DominantDistinctArea5,DominantDistinctArea6,DominantDistinctArea7,DominantDistinctArea8,DominantDistinctArea9,DominantDistinctArea10,DominantDistinctArea11,DominantDistinctArea12,DominantDistinctArea13,DominantDistinctArea14
Boston Globe,1998,3,0,0,1,0,0,0,0,0,0,0,0,0,0,0
Boston Globe,2019,11,0,1,0,0,0,0,0,1,0,0,0,0,0,0
Chicago Tribune,1988,12,0,0,0,0,0,0,0,0,0,0,0,0,0,0
New York Times,1997,3,0,0,0,0,0,0,0,0,0,0,0,0,0,0
New York Times,2005,4,0,0,0,0,1,0,0,1,0,0,0,0,0,0
New York Times,2017,2,0,0,0,0,0,1,0,0,0,0,0,0,0,0
The Washington Post,1996,1,0,0,0,0,0,0,1,0,0,0,0,0,0,0
The Washington Post,2004,11,0,0,0,0,0,0,0,0,0,0,0,0,1,0
The Washington Post,2006,9,0,0,0,0,0,0,0,1,0,0,0,0,0,0
USA Today,2019,7,0,0,1,0,0,0,0,0,0,0,0,0,0,0
