Year,Month,YM,UncertaintyIndex,LMindex,GIindex,LSDindex
1985,1,1,0.6053884312387979,-1.8020296448482966,1.3554123235162217,0.26055289088108896
1985,2,2,0.5928093026801291,-1.9265065892086894,1.4611778427055184,0.051100376545565304
1985,3,3,0.6281665194457074,-1.9755557061671642,1.1620742173209355,-0.07468471810406178
1985,4,4,0.6524042964166744,-1.8674131290853102,1.406195929399893,0.07892427057614947
1985,5,5,0.652003183207291,-1.7988690409168926,1.4426101339645443,0.2737264503597536
1985,6,6,0.6701376494793272,-1.9630231137771554,1.1501836451110454,-0.05202583757350343
1985,7,7,0.6321620030308118,-1.9171469109572676,1.3463386609398733,0.15364946111297711
1985,8,8,0.639303407828741,-2.1830810234820164,1.0436723013623324,-0.16712110641471437
1985,9,9,0.7296414756532801,-1.843053563898389,1.516805000069354,0.22141973113154675
1985,10,10,0.7085799981576538,-1.8673647385659584,1.299693484316811,0.238303727008706
1985,11,11,0.6792223802104982,-2.0075065110226085,1.2129597549131632,0.06618580917501421
1985,12,12,0.6532276031993837,-1.8778366709357253,1.49426892743408,0.2583026218526428
1986,1,13,0.677176014963646,-2.0406982430545377,0.8944222611717253,-0.19689226811122854
1986,2,14,0.680221397573556,-1.8862921956224097,1.2023954370455006,-0.006425958254732165
1986,3,15,0.6757837826712919,-1.8655054096753392,1.1397385522847312,0.00665708626212546
1986,4,16,0.6193072138352282,-1.7291274022230254,1.4612155687352948,0.41064281513451006
1986,5,17,0.7076874238233313,-2.1261117564706633,0.9988170753742646,-0.1550502442447431
1986,6,18,0.7128232425093572,-2.1175729272740975,0.9345013989681271,-0.11205906394571358
1986,7,19,0.6343221932831083,-2.1961991172112914,0.7596859688578409,-0.4377557242269514
1986,8,20,0.6787779383536195,-1.8737138143050882,1.1141710925550854,0.038380274699133694
1986,9,21,0.7563139897960794,-1.8397750289362915,1.1588098167428398,0.11729815677766187
1986,10,22,0.6671369137541155,-1.9437209984629373,0.8485061537391307,-0.2147551142688352
1986,11,23,0.6646911449030386,-1.8101328877419,1.3561762351004925,0.2590210684242315
1986,12,24,0.693405254975384,-1.9467674790991174,1.0080610060495432,-0.12182506110602491
1987,1,25,0.6852031659309107,-1.9504056122754154,1.1669827852939807,-0.037526087551276635
1987,2,26,0.7081811361723999,-1.914154643877575,1.357024690661321,-0.10125072730797519
1987,3,27,0.671337210886918,-1.9239708381992646,1.1174279464260652,0.07867499766969847
1987,4,28,0.6719651781636946,-2.128386050186383,1.0286386029448238,-0.14886001114095973
1987,5,29,0.6854983581220118,-2.014533139688622,0.8862522908596402,-0.2435188286283874
1987,6,30,0.7087110703312717,-1.981595780034079,1.0140582904646762,-0.15842646270696234
1987,7,31,0.7004995411081338,-2.1334916972981843,1.0453918211182287,-0.06306475247403989
1987,8,32,0.654555544597733,-2.001790870080101,1.1933601270528107,0.04043235640918191
1987,9,33,0.735787927159291,-2.144525450459427,1.1741621646714062,-0.22553220032055576
1987,10,34,0.7191135627492184,-1.963393812193546,0.9095487498956372,-0.15406973819088166
1987,11,35,0.7366806628088567,-1.946610208528191,1.023161406886666,-0.03248759759683335
1987,12,36,0.6773396850555811,-1.9596422232829087,1.1845525541161896,0.010534469734940011
1988,1,37,0.7387656277777255,-2.102190025616213,0.9009562398507498,-0.1733867139545971
1988,2,38,0.7212598866269829,-1.8934725453308727,1.2827098802489232,0.0725222463576298
1988,3,39,0.6397099576383015,-2.1270826239757086,1.00892982286123,-0.13281579041411526
1988,4,40,0.6859700679712493,-1.8822961933334315,1.383687476523521,0.06190359020270018
1988,5,41,0.7613261807628728,-1.9325470286844002,1.2682690927123565,0.21899481993797026
1988,6,42,0.6230327435987294,-2.007846140605919,1.2565859722811161,-0.12554587593935237
1988,7,43,0.6633697584093853,-1.9838251614630995,1.1829771555130983,0.2401119583344197
1988,8,44,0.6400924759089643,-2.1365834376983024,1.0145465036133252,0.025834469585696948
1988,9,45,0.6402491214044013,-1.9729279320370052,0.9625942069738296,-0.0589539686626371
1988,10,46,0.6774520326078453,-2.1213507153347138,1.0884134433494475,-0.08241468753403407
1988,11,47,0.6883239377916767,-1.917682188481623,1.2746270346925148,-0.10967954426460266
1988,12,48,0.6612109791105653,-2.0576799516297726,1.1142684345385232,-0.04066832746669745
1989,1,49,0.7367492980581806,-2.071105395259708,1.1173159926270446,-0.061652980382682285
1989,2,50,0.7039953640488814,-2.1676504639929077,0.857843359384005,-0.32691328352096993
1989,3,51,0.6590245180791208,-2.2356580241768516,0.8940649702304214,-0.3219068678459858
1989,4,52,0.698746379748945,-2.075636868003302,1.1123516357651935,-0.07626589159875471
1989,5,53,0.6458840495039461,-2.1596047221692096,0.7568239737250912,-0.184213511574986
1989,6,54,0.6957076091077299,-1.9615556955389035,0.9221437927972502,-0.07183016943612464
1989,7,55,0.6433729528427157,-1.9026347537883828,1.1398801028497123,0.046463505483303004
1989,8,56,0.6928985624658682,-2.09052379358333,0.7997702275530267,-0.2653699758100818
1989,9,57,0.6703893301248253,-1.9405573273740233,0.9349024995343046,-0.03127386158035539
1989,10,58,0.6623380739786345,-2.0168193007944377,1.3214075838412156,0.19554274206588015
1989,11,59,0.6163051360860077,-2.1361886597038438,0.9976023967359737,-0.1200548731643687
1989,12,60,0.6527285727151302,-2.029170240201198,1.1762355815773,0.10942423790232642
1990,1,61,0.6840537407856926,-2.0225275315375297,1.2343066520361725,0.031324850384056295
1990,2,62,0.6728199727716734,-2.177344764958803,0.7424546780460826,-0.31004111931833256
1990,3,63,0.6622486517417501,-2.0752251873590786,0.7124361500980825,-0.20007406387230522
1990,4,64,0.6696009345710144,-2.103744957009635,1.0468588695293428,-0.20043203045198016
1990,5,65,0.6703234011934911,-2.12240527739861,1.100508158696466,-0.11890013998071705
1990,6,66,0.661268807203578,-2.0524703931821686,1.285010781545733,0.09252423143915293
1990,7,67,0.6852931531586898,-2.131076174398007,0.8729252774128466,-0.31248645207827874
1990,8,68,0.6722819731403884,-2.3116748152538262,0.8146056487768532,-0.4276203958719192
1990,9,69,0.6960754935643793,-2.322253406111271,0.8398078044912024,-0.3889671101887683
1990,10,70,0.6958510142839318,-2.0549230916190617,0.977001376487223,-0.009190471057112395
1990,11,71,0.6632081896557693,-2.1613173515032154,0.8465106281513469,-0.1353560533487179
1990,12,72,0.6952349802287212,-2.0027511981722137,1.100535378639871,0.02812435115889496
1991,1,73,0.7260560763578884,-2.1150986857232503,1.1036651216413644,-0.06174303011941323
1991,2,74,0.6692608215647695,-2.0728998020617926,0.9186624084049492,0.04355669689181408
1991,3,75,0.6157435418171743,-2.1715800180435805,0.9822369936184623,-0.0051227985034799205
1991,4,76,0.6702318173319551,-2.0686947575900696,1.1550195785303177,0.013051232967731047
1991,5,77,0.6795739852019296,-2.009702747546553,1.1428368606333725,-0.15733039988529177
1991,6,78,0.6708343829868139,-2.0144053092924237,1.3103892629635852,0.09642691687797945
1991,7,79,0.6733119075138352,-2.3075925205893606,0.8456653296577104,-0.19243686011064157
1991,8,80,0.6636354470977135,-2.2327576441071773,0.751322606921635,-0.26475061987639936
1991,9,81,0.6785138327112402,-2.1885423985160806,0.7439285533939781,-0.25399137724896664
1991,10,82,0.6879428536493876,-2.030743769201183,0.9366254869602971,0.02367472674462553
1991,11,83,0.6253450820603719,-2.067499916099959,0.8707068609763234,-0.14716200798048293
1991,12,84,0.6625718896154091,-1.9797407552482453,1.2204599635121376,0.0013931780556528809
1992,1,85,0.6579254001152225,-1.8841338158601852,1.2898384163793275,0.1268701491873069
1992,2,86,0.6821671135452426,-1.9548020239055537,1.1154937958463298,0.09479727494518429
1992,3,87,0.667764917461461,-2.1848683626374106,0.8861932474321627,-0.24280048548586391
1992,4,88,0.659308013500009,-1.89442730151977,1.1732708413404893,0.13736826499078064
1992,5,89,0.6886679254565583,-1.8002140095726542,1.295056170182876,0.1972130331202557
1992,6,90,0.6610633300750132,-1.8546395598248748,1.137599475691112,0.07218729851575756
1992,7,91,0.6972190143056531,-2.006932661124573,0.8162900076023045,-0.1205235890690352
1992,8,92,0.6825300130160117,-2.0879902433757445,0.8856498854423691,-0.07969791566185139
1992,9,93,0.6146353715615568,-1.8504170432868754,0.8171203786651922,0.24149809021622634
1992,10,94,0.5935226035383003,-1.7444370212498046,1.674128047528615,0.5329367220775704
1992,11,95,0.6597838314139457,-1.8098691804065805,1.1138010106467389,0.1509036295571875
1992,12,96,0.6906588626546386,-1.679990666840416,1.4574527340713743,0.42365280075165024
1993,1,97,0.6526418262176006,-1.710546878087869,1.304115890032685,0.27605802272291824
1993,2,98,0.6696767706845371,-1.7752240178920005,1.0210771537726018,0.18659399112853908
1993,3,99,0.6520571673006482,-1.7415719800481853,1.0669485152768778,0.21024924539551443
1993,4,100,0.6746042484688527,-1.7305941620454681,1.324172755166417,0.5350825486661003
1993,5,101,0.5981268661615404,-1.785808510856764,1.1890212026519595,0.27348752916157465
1993,6,102,0.6843871621920736,-1.80490387776303,1.3186047325825099,0.16411712987122198
1993,7,103,0.6632873102884576,-1.9113455031957292,1.3152478469846844,0.20989965816366646
1993,8,104,0.6840947093186927,-1.7868442991878206,1.3238517063233861,0.23997903469251555
1993,9,105,0.6600359771341764,-1.3569294907308798,1.5564347954549251,0.5155374953828239
1993,10,106,0.6577317447069115,-1.808494265068161,1.3662713350119857,0.4819792373358262
1993,11,107,0.6285078791998338,-1.7322464443092473,1.3512070961168905,0.49071707407398846
1993,12,108,0.598326063637912,-1.7004914180125434,1.563995779635716,0.4761158719634942
1994,1,109,0.5769139438221267,-1.7444996031060116,1.5074956416142002,0.44629838146840545
1994,2,110,0.6528507493382928,-1.6225672453417843,1.420885408220052,0.4903890511551842
1994,3,111,0.6996319496574487,-1.8611660610478986,1.1525291300138012,0.08259110906689805
1994,4,112,0.6899838692461209,-1.7547769896478635,1.4797490189276103,0.2453914123485576
1994,5,113,0.7592515988715505,-1.7150093101431794,1.259780710983102,0.008699770330785584
1994,6,114,0.6741768708122214,-1.839301722023853,1.271508390393755,0.16819354866987546
1994,7,115,0.6723774792754383,-1.810415856176417,1.3562264581841728,0.09963861789829359
1994,8,116,0.6423307046698098,-1.717909803239583,1.5085481486254348,0.3835800073822886
1994,9,117,0.6431067010590813,-1.6801072769330982,1.357492394728071,0.3544705673054916
1994,10,118,0.6523225406256804,-1.7627662522160379,1.4089505437230714,0.37925939087862587
1994,11,119,0.6705406800507295,-1.7387972566685428,1.4084619511716738,0.3365474820379621
1994,12,120,0.6937474147469916,-1.7783064147964198,1.3747077205412297,0.31966622209711515
1995,1,121,0.669501116234321,-1.7728174829813679,1.2690700695676602,0.39953055918620345
1995,2,122,0.6954170773562558,-1.8361453694545615,1.333784925499077,0.30949979062407174
1995,3,123,0.6954518551806655,-1.925962313765721,1.1403234737802732,0.11239359333624277
1995,4,124,0.6271685176788099,-1.7258993590813294,1.2652440539162246,0.37021933434918913
1995,5,125,0.6255371468320715,-1.8560057717961391,1.2276446469496678,0.25759524928384203
1995,6,126,0.5922816274989192,-1.7449933694539332,1.5056396910418177,0.33725676472359983
1995,7,127,0.6603400464650571,-1.8411157501444033,1.1586220760203316,0.0657770441578209
1995,8,128,0.692412864114714,-1.7195833036237873,1.2907867602466336,0.2527399688271711
1995,9,129,0.6356496920582607,-1.7285480023958084,1.2682242997411937,0.05728933214210764
1995,10,130,0.6088960683242515,-1.9715811597128021,1.1422139958581556,0.1451980591700032
1995,11,131,0.6616509801274879,-2.051141058594395,1.029793924327071,0.11418028256992743
1995,12,132,0.6917424510359355,-1.9363518886053275,1.1957797166930528,-0.06006113050743592
1996,1,133,0.5885212514475248,-1.5910452403991076,1.582566104416896,0.5279359926827953
1996,2,134,0.6307548286371697,-1.7743801917535347,0.8922520988017885,0.058429888959472404
1996,3,135,0.6415200468684377,-1.6578157758623047,1.5181775604582177,0.38162997653011904
1996,4,136,0.597104796310847,-1.7854231828260407,1.3066676324536213,0.21604960218714442
1996,5,137,0.5933436228766815,-1.8204134911419676,1.3929243086508571,0.159712402359971
1996,6,138,0.67625431055716,-1.9341312785490226,1.4302066534001598,0.19310409203836676
1996,7,139,0.5817849656306902,-1.6022336781729254,1.4761469970266035,0.4629545026642501
1996,8,140,0.645285618250645,-1.6264924917695016,1.4801464849523247,0.3360472388889123
1996,9,141,0.6613175912293443,-1.9160115620982938,1.2118234104914503,0.16176334958053487
1996,10,142,0.6753522608669745,-1.9036557540988863,1.0322345123538081,0.041008823082481355
1996,11,143,0.6813274508516335,-1.8778108415506056,1.2156153658360536,0.24909877354068322
1996,12,144,0.6922895576947775,-1.5746289744173185,1.5453564845408712,0.518228535569551
1997,1,145,0.6808022558192619,-1.785146708105698,1.3930163667720104,0.18606322828424052
1997,2,146,0.60898615670318,-1.5799211580279777,1.6238033158736425,0.5745580414013329
1997,3,147,0.6064169047771629,-1.8180347262973993,1.3969244654976765,0.29303426429234297
1997,4,148,0.652292313771839,-1.6682852398407217,1.4182103451261876,0.30930358030534816
1997,5,149,0.6585284976618145,-1.8447309371001908,1.211047756651052,0.09652108439335544
1997,6,150,0.649556030050844,-1.6943368028203791,1.6935749919723937,0.32579071954574473
1997,7,151,0.6551601633455549,-1.823966864303248,1.7545016919089789,0.21477032202854632
1997,8,152,0.6313090203770702,-1.9074617263588356,1.3877545017851824,0.14117611646596373
1997,9,153,0.6616659381620379,-1.652638831347595,1.6388781143276048,0.19964564218210049
1997,10,154,0.6134316627323161,-1.644303560974525,1.5559683963335535,0.4854493831316748
1997,11,155,0.6919715879414207,-1.8100511264496426,1.3200816370589046,0.2768141687181768
1997,12,156,0.6376727915644052,-1.676670059035855,1.534832521949933,0.5156240984531532
1998,1,157,0.6880904156777843,-1.7886007269893045,1.3765297238829464,0.3306399627964715
1998,2,158,0.6648814370680787,-1.6206241707084295,1.7232548850152236,0.6030764083735516
1998,3,159,0.5715308394165982,-1.6649499983474676,1.765713526998776,0.577713840971749
1998,4,160,0.6999328820980699,-1.6283052936273643,1.368548716471286,0.42752215601658095
1998,5,161,0.6536926251451273,-1.9175979783548107,1.1249068095947856,0.042782266343969755
1998,6,162,0.6233559667184022,-1.7431999982172404,1.5134883796272007,0.27213036319926404
1998,7,163,0.6393093163587147,-1.788339758956935,1.4369941769943682,0.2666903706163681
1998,8,164,0.6144034703260479,-1.7569575586695132,1.6287154515070434,0.26809953523630997
1998,9,165,0.6938728400975435,-1.7503231467277784,1.320784330916723,0.27731345413067654
1998,10,166,0.6458393945840826,-1.769798822073056,1.396973978244001,0.3312820880233012
1998,11,167,0.6458299522872313,-1.8125910595029817,1.4255123180490956,0.3230288499136108
1998,12,168,0.6473783603687374,-1.6522174801897938,1.5535034951143092,0.5575620781610725
1999,1,169,0.643949747664198,-1.5337812189727218,1.4871994128720218,0.579457363279662
1999,2,170,0.6928080635077248,-1.781465367878727,1.109565490225527,0.012341430092402406
1999,3,171,0.6919655384790194,-1.7322854753694228,1.367210427578129,0.16671211379074433
1999,4,172,0.636154005345542,-1.6349399243523879,1.498019102731922,0.5573394395702791
1999,5,173,0.6065358797090226,-1.8217703047659979,1.2538017248282824,0.5280136263609441
1999,6,174,0.5872484616683968,-1.5843925585436618,1.5222700225495966,0.4654915868086222
1999,7,175,0.5981584026108249,-1.8443678352925479,1.2701169886440515,0.15272311613232423
1999,8,176,0.6336944170576726,-1.933834151148924,1.1763720333481027,0.12948598625062524
1999,9,177,0.6438482801817018,-1.8052927918416046,1.3527217085451164,0.3660536503416685
1999,10,178,0.6220943690050574,-1.636612336333723,1.5401771060352119,0.38073792518669497
1999,11,179,0.6807777525614986,-1.6795056227442473,1.2965464363171857,0.14179344895858692
1999,12,180,0.6478624489575993,-1.7993747966974858,1.5241225569635555,0.4105821544604441
2000,1,181,0.6426852620772653,-1.5332885694392675,1.4198335710464693,0.410060905785794
2000,2,182,0.67164021082731,-1.7236250447925716,1.6556514707293648,0.33228114998545794
2000,3,183,0.6354892954328756,-1.6837153392633541,1.4149786722564823,0.36175849608155736
2000,4,184,0.6685883451303392,-1.730210926509653,1.2794336284156373,0.2607909088696473
2000,5,185,0.5756097608953068,-1.7399690976115787,1.5623361975121668,0.20029512827308266
2000,6,186,0.6214632272661965,-1.785090058004088,1.6766823414246232,0.38113953552406676
2000,7,187,0.562288344023296,-1.6918341151235483,1.4154431699243686,0.30500283259994654
2000,8,188,0.6146225086997437,-1.8838320273570688,0.9961508098528057,0.16213014101795503
2000,9,189,0.6315033371734694,-1.930211676842726,1.086187377214653,0.12212485777074301
2000,10,190,0.5772739882391226,-1.691248822308606,1.3682666442320415,0.3003028662492981
2000,11,191,0.6979186015625607,-1.6530161038540088,1.5005688574165184,0.3385149859289145
2000,12,192,0.6454949146316971,-1.6401956227241548,1.4963579148896649,0.5228032730382942
2001,1,193,0.675292180550552,-1.7849048461476245,1.2303557930193918,0.19272097753110276
2001,2,194,0.5301389082016515,-1.729172098752709,1.4394923853906507,0.3937507584121381
2001,3,195,0.6687525909111507,-2.003191845792854,1.2050589528262332,0.02201417019015764
2001,4,196,0.6264117376452814,-1.9384233681275627,1.3673847571880633,0.14927875251161385
2001,5,197,0.6892156711312346,-1.7228909680752884,1.4662466991145526,0.4560927802290929
2001,6,198,0.6159794351803272,-1.9860841215017362,1.2306978438593104,0.08193018468311618
2001,7,199,0.6567634608512244,-1.7685993456534315,1.5539223088512348,0.49381993038857086
2001,8,200,0.6784555744393665,-1.9111826274576398,1.0951526763124477,0.028007045455066357
2001,9,201,0.6651245287441327,-1.9247105597580332,0.9625360769772303,-0.24657570968949538
2001,10,202,0.6698060587310909,-2.0545324277532657,0.9308816418279932,-0.42049504360363493
2001,11,203,0.7290457491184443,-1.810731962576759,1.2622111928690882,-0.1299294863151345
2001,12,204,0.6928322038039091,-1.7433930795506025,1.1735612226923624,0.2001063505857118
2002,1,205,0.6752263773559606,-1.9546992887648336,1.0989812327791832,0.017024087378025063
2002,2,206,0.6807708073500035,-2.0255065771280902,1.1558049472805427,-0.08719846058414123
2002,3,207,0.6585657298444556,-1.9640012055318665,1.145776117529839,-0.1615537214248726
2002,4,208,0.655021185175786,-2.020200871306193,0.9683730665256284,-0.10788962102303815
2002,5,209,0.6231187134489615,-2.077980956179899,1.3182286523756523,-0.0003840937600330524
2002,6,210,0.6025194871616589,-1.9705148279011047,1.2359531506930375,-0.09014731133003562
2002,7,211,0.6426754371634072,-1.9961636614621108,1.4028320715006788,-0.08794288579664733
2002,8,212,0.7045009879394587,-1.9648703357714707,1.5110979460791498,0.16839130662478843
2002,9,213,0.6089647245477463,-1.9780336694732652,1.3196904116432435,0.17316356876144218
2002,10,214,0.5996189910534503,-2.115586843644689,1.237135782290185,0.05713937010513926
2002,11,215,0.6729819825699074,-1.9263348143560581,1.6955335020899458,0.2868966028299007
2002,12,216,0.6610357694196899,-1.930680836318345,1.3748213608515403,0.1387451696519547
2003,1,217,0.6587561028855681,-1.8595780194666578,1.3790922848232603,0.19674403675328733
2003,2,218,0.7030421218320255,-1.8123678023128116,1.3657534888845555,0.15402628930133155
2003,3,219,0.6677668409758779,-2.2382835926612414,1.163035010515575,-0.09041666839192529
2003,4,220,0.6322821032782316,-1.9908519084942145,1.6087295186790924,0.14516118501290118
2003,5,221,0.6308730563542427,-1.9616148053636957,1.3418699744990354,-0.0031361386237286713
2003,6,222,0.6730370215638996,-1.8876057652619214,1.390471795483351,0.14729411733740902
2003,7,223,0.5797288978389522,-1.832924784275881,1.3736732752294596,0.10953653442115745
2003,8,224,0.6019017589571416,-2.016543622365382,1.4126378010378584,0.23123008606240894
2003,9,225,0.6243896155502384,-1.9499110866827198,1.385847276629051,0.08447692265192394
2003,10,226,0.6306115598509918,-2.0833560526929067,1.3764299787444452,0.09804304105813176
2003,11,227,0.6417768595443656,-2.1956427030813632,1.5103372607456755,-0.12154530008057736
2003,12,228,0.6536490934412725,-2.181925628228631,1.4809950030868588,-0.04345414480486711
2004,1,229,0.6828571683128593,-2.0297131947967038,1.3262529156161642,-0.06821215513681952
2004,2,230,0.6868466736864084,-2.012838766125857,1.3390785380445827,0.07839799910132234
2004,3,231,0.6340285839804009,-1.953683299853273,1.6794417357315479,0.2676776833200293
2004,4,232,0.6191460810394224,-1.8632449481440672,1.3639246588640184,0.17237545394914713
2004,5,233,0.6079942208823208,-1.9587302843790844,1.4483754315759485,0.1692898108819561
2004,6,234,0.6505636254649645,-1.9896487861372505,1.2674271870738596,0.13357843443841425
2004,7,235,0.6122823273978986,-2.1340063205324142,1.204738666583736,-0.04742608147272545
2004,8,236,0.6694627328226542,-1.8748795131141451,1.5196052302035359,0.23126233624785822
2004,9,237,0.6563785880646837,-2.0772196271685073,1.2410497884491876,-0.01718890974322723
2004,10,238,0.6751977443995685,-2.238672873756156,1.0003608666115755,-0.17427040791211354
2004,11,239,0.6889882635360557,-1.8934648298184884,1.598081615499684,0.25138933242816197
2004,12,240,0.6835461351132095,-2.031473735277632,1.7386060596039024,0.3381725347750909
2005,1,241,0.6583304721472669,-2.0877997059920603,1.4038127217922398,-0.024497235888805508
2005,2,242,0.6444391538005025,-2.127474024345741,1.2936526477679589,-0.17376353637309888
2005,3,243,0.6674022754836761,-2.101433079884541,1.501503991531325,0.022920628635889662
2005,4,244,0.7077906653601495,-1.9131228249368233,1.6322905634755476,0.17770320446963483
2005,5,245,0.7373169712194799,-2.032219744517675,1.343727242149926,0.022907498003339126
2005,6,246,0.6682930425966853,-1.9510625149398229,1.6798397513638175,0.1601498867950174
2005,7,247,0.6251867498616202,-1.8727646926348958,1.65289875401759,0.2518427410868885
2005,8,248,0.7179464935726116,-1.902060758647265,1.455165564973965,0.28377762934396356
2005,9,249,0.6668657390691971,-1.9329563383914354,1.1187334061936702,0.020053770809344135
2005,10,250,0.682800634601628,-1.770703018435867,1.6388575179893454,0.14380864818501446
2005,11,251,0.6563919494391381,-1.9359554656765803,1.380328170617138,0.1263417250519301
2005,12,252,0.5750862598461997,-1.962876399567968,1.5877099779249135,0.19820008468242822
2006,1,253,0.6613212833333606,-2.01307879772408,1.492994024242625,0.27767738979551815
2006,2,254,0.6204741840845504,-1.7785727994494058,1.629935141965036,0.3644777203155944
2006,3,255,0.6561170782874457,-1.7566495853081923,1.446413979173077,0.18178849471223416
2006,4,256,0.6455795150369176,-1.724526102854083,1.4790482188706864,0.2288537417768463
2006,5,257,0.6124522939524677,-1.8652553911197565,1.7468167173687796,0.1066617480222486
2006,6,258,0.6880552820649931,-1.8662421248550003,1.4404679171580037,0.31312737248949823
2006,7,259,0.6179021653531679,-1.869011264310203,1.418183915805029,0.3416989108640752
2006,8,260,0.6263296892152831,-1.9810521668040222,1.4185399362509086,0.09448212664717713
2006,9,261,0.6892237372026376,-1.906572140422664,1.3344266383616783,0.14453035740759454
2006,10,262,0.6136834273408112,-1.910214347466739,1.2220441075891617,0.026532033481636554
2006,11,263,0.7004153615449356,-1.5471103223964355,1.5754448837193085,0.5998289792816648
2006,12,264,0.62532386394029,-1.7989236973359901,1.5047433216072588,0.4105101092611443
2007,1,265,0.6035127560818258,-1.619981314505949,1.653842566965883,0.5321767426963192
2007,2,266,0.7269186124987196,-1.6079196093330348,1.5546960064799893,0.427621923538791
2007,3,267,0.672427078412269,-1.8290673693783865,1.4624553935478737,0.21612264454040608
2007,4,268,0.7012350714861826,-1.8713855102590236,1.4521354776945345,0.2633574473742106
2007,5,269,0.6853158812862732,-1.8251234861272563,1.5607360297428294,0.28065130844797537
2007,6,270,0.6649744751555261,-1.9295790511111988,1.4148101742920183,0.13359892178313212
2007,7,271,0.6648917777546034,-2.097048461396818,1.208447486196924,-0.0522023558512941
2007,8,272,0.6666655325374914,-2.029289240536964,1.3171059123540063,-0.09338563363618808
2007,9,273,0.7237974286698172,-1.9344850251845207,1.3784651294096437,0.2299390668039068
2007,10,274,0.7026683551938424,-2.00053613929305,1.361239825578238,0.09489894162873877
2007,11,275,0.6692797299190196,-1.8345285521590218,1.4694921768216789,0.13887635002162144
2007,12,276,0.6286768900879626,-1.8174619337211342,1.386561172299679,0.36066879973830035
2008,1,277,0.7155356237904742,-2.130623572355944,1.0790012338269284,0.09694761511322914
2008,2,278,0.7032420987190183,-2.101526483156563,1.1676418826654427,-0.01460683161845159
2008,3,279,0.7509774304269826,-1.9058441139968216,1.579327071130754,0.2618595135153204
2008,4,280,0.7443901727882004,-1.8623536858982683,1.002836479722224,0.15697667262534218
2008,5,281,0.7163766524598786,-1.7115261834360933,1.5278835870116603,0.31160002030663536
2008,6,282,0.7322840934341172,-1.8154171404446082,1.3100697775563936,0.2995952677844472
2008,7,283,0.741976085274714,-1.8918332087848546,1.2087182432735988,0.13909526702024982
2008,8,284,0.7254883261470101,-1.9480468134134974,1.5587686613083984,0.16225705988860029
2008,9,285,0.8144150167395297,-2.0115486287615827,1.0220578100388664,-0.12288000719636007
2008,10,286,0.7830805936496978,-1.92108103519491,0.999354843597394,0.07724403721080239
2008,11,287,0.7879794333099062,-1.7688205252151656,1.338771809314138,0.33385030577419816
2008,12,288,0.7083873937648135,-1.9127481542240157,1.1420799407680937,0.10019553944998849
2009,1,289,0.7340320337611519,-1.9212206495443296,0.9672061027644194,0.21034827847533516
2009,2,290,0.7145230251384332,-1.8960672560053542,1.3273511304285506,0.3489183078215537
2009,3,291,0.7532532883800772,-1.870581737249381,1.2951840333548654,0.33323544566470775
2009,4,292,0.730159799728441,-1.6764045047531784,1.5563127356704232,0.6694676937669641
2009,5,293,0.7477381094257269,-1.6934088544801709,1.452658840928073,0.5370439772425875
2009,6,294,0.713029724827614,-1.8028093969714445,1.3588320429687097,0.265086300963956
2009,7,295,0.7629818992213188,-1.7765369033318992,1.513844212786853,0.19308522796368555
2009,8,296,0.7697704340457691,-1.9467548777877246,1.3353544731755356,0.1702674556799239
2009,9,297,0.7648807182479259,-1.6908666690841136,1.4074324695106981,0.2470840192994543
2009,10,298,0.7661483366284411,-1.721497538401821,1.416734306225356,0.43308780122892304
2009,11,299,0.7212558800296104,-1.7711497240694336,1.4853085019407175,0.3817178623917091
2009,12,300,0.7192358154566166,-1.7528430110045952,1.3639103918203412,0.408884377942928
2010,1,301,0.842642283406704,-1.7589935240805783,1.0920285667751102,0.08094543430442658
2010,2,302,0.8468749162945072,-1.8434042310132583,1.1859057599689684,0.2657429716729034
2010,3,303,0.833451377597177,-1.8428395024273154,1.2372332159435746,0.1528015771854806
2010,4,304,0.8518422811650973,-2.1437933514991028,0.6688587057946722,-0.19508571694366028
2010,5,305,0.812411363470011,-1.9766069522198773,0.7931701943774586,-0.06489972894765264
2010,6,306,0.8057546836083925,-1.8683918642323782,0.7092494904036273,-0.13346977814908315
2010,7,307,0.8116720782971086,-1.81596516934543,1.1385500557964752,0.06232987136630114
2010,8,308,0.7474519588560151,-2.0627016108903478,1.1578760333367697,0.10615549012676814
2010,9,309,0.7596389834572588,-1.7578889298397653,1.24600527314385,0.30851040085209447
2010,10,310,0.7370170773957281,-1.847443709572048,1.077603969671879,0.21370848342003582
2010,11,311,0.7037725013550536,-1.8117608449003992,1.134855907354722,0.26620419303290976
2010,12,312,0.706381131497887,-1.8675028957220752,1.410382256521387,0.3447812079948854
2011,1,313,0.7182161983730562,-1.6613334917535567,1.4532282398067962,0.27124457408116154
2011,2,314,0.6858951551296243,-1.8151466592760876,1.0946621658871447,0.27143690963097283
2011,3,315,0.7547493855123875,-1.7610501931866411,1.0009765874690002,0.088075686304073
2011,4,316,0.6655544210867982,-1.9763090375687924,0.70862408704366,-0.04969855974125017
2011,5,317,0.6749728023652768,-1.7963627320364173,1.302996053858884,0.20506908767647877
2011,6,318,0.7137853072777548,-2.021018756258754,1.0374901987374268,-0.022195017490570464
2011,7,319,0.6819510862679254,-2.0266340410962327,0.8691244998347191,0.021251465187518415
2011,8,320,0.7750172088536997,-1.910559382941511,1.049557526582563,-0.025487947114789064
2011,9,321,0.6892887436668956,-1.9923405222220787,0.8558787749705165,-0.020024212198270542
2011,10,322,0.7617597452255105,-1.8722830778438742,0.8480147130111172,-0.0736323374886453
2011,11,323,0.7504925768739643,-2.2047381144571756,1.073381440307371,-0.07502854114725531
2011,12,324,0.7348130472900858,-1.9514474141711478,1.0637590405670347,0.02456793029314182
2012,1,325,0.7081205834224205,-1.9302765630963274,1.1223551131107485,0.16292171149611734
2012,2,326,0.6983708478811702,-1.9776933500455667,1.2841109098810772,0.04900136046750295
2012,3,327,0.6981679406798331,-1.9150376439722159,1.2988136365279623,0.1842942405703503
2012,4,328,0.7791622826122608,-1.925756409373759,1.4422690208417799,0.23753916085448734
2012,5,329,0.7202030815204594,-1.9617963769713285,1.143292293629573,-0.040754981565692516
2012,6,330,0.7200782811447698,-1.9760578545492147,1.0103000108941016,0.07369875928910459
2012,7,331,0.7310762167170596,-2.313897285927772,0.8409728516549492,-0.1261530456204302
2012,8,332,0.709217564238802,-2.032825871532749,1.1378713004903758,0.08101125195385431
2012,9,333,0.7125761768197124,-1.7788277800956842,1.212236903768889,0.35212971222627193
2012,10,334,0.7210968536500009,-1.7635344025876967,1.163338015855104,0.24800546224805495
2012,11,335,0.6963503134278772,-2.0528294970782075,1.121435571523277,0.10505097025789194
2012,12,336,0.6426842976392044,-2.042555925885856,1.2284212868468436,0.12472133375040781
2013,1,337,0.701214393398471,-1.8938662659031782,1.2001501384713598,0.250123388778271
2013,2,338,0.6568782386869889,-1.988200055474007,1.1014490989841184,0.26508516316443065
2013,3,339,0.714318994039756,-1.9663718014061553,1.138980982908592,0.17058886646302718
2013,4,340,0.7124605021139921,-1.9816182127584183,1.0531368243279653,-0.11705188027947971
2013,5,341,0.6821593019645628,-1.8961303345120921,1.114956221520772,0.16382411495249968
2013,6,342,0.6676599767388304,-1.8582359904572963,1.2738046493171413,0.2193900503214996
2013,7,343,0.6614142867793341,-2.1434773077300657,0.9544133447371781,-0.018968530602335592
2013,8,344,0.68329937994745,-2.0216087354884684,1.1867208934132234,0.07846351076147473
2013,9,345,0.7078577092947727,-1.8801616729972683,1.2946851586803063,0.0328798695088129
2013,10,346,0.7327770636952949,-2.0504117984911376,1.0197558214547369,-0.0041388570010929115
2013,11,347,0.6695473185241054,-1.8364985558611029,1.3614819292311877,0.3420868767900323
2013,12,348,0.7050599175890705,-1.9446360624050767,1.2959654103345035,0.18938218379781385
2014,1,349,0.6569159949810714,-1.8439194232732594,1.380347791952146,0.21191800679751477
2014,2,350,0.667099036350749,-1.8725402553510924,1.2236093735924731,0.1895818748622255
2014,3,351,0.680473786241624,-1.946142966363619,1.2083068862959792,0.18994169556766577
2014,4,352,0.6706073769066927,-2.0822217287834515,1.2124777343864819,0.05538642087034102
2014,5,353,0.7027795122491098,-1.962509208256247,1.3281665286600428,0.09626094385236282
2014,6,354,0.6399717515164949,-1.9856654229979922,1.201225363295634,0.1835440914729673
2014,7,355,0.7126426014529293,-1.9150914058069188,1.2699516129722392,0.16867059481307348
2014,8,356,0.6884161085697225,-2.0245806416705503,1.2398372220042828,0.09385689221170403
2014,9,357,0.6862308570092387,-1.91411453464421,1.30220547711405,0.2473681940142161
2014,10,358,0.6532580511596927,-2.076575123190612,1.1265378255940024,0.024129053974124202
2014,11,359,0.6344347261490921,-2.0710615942770247,0.9870812371968205,0.044488409166195696
2014,12,360,0.6820786812016907,-2.0052743041573384,1.1961131361173343,0.14787918019304644
2015,1,361,0.6498611215197181,-1.797657891462563,1.2217246789313931,0.15513236934124094
2015,2,362,0.6828374748409533,-1.8521578203303888,1.2004900270333323,0.33427129383385784
2015,3,363,0.663517008585517,-1.7476267392921436,1.1691474012903302,0.2763373164355101
2015,4,364,0.7082961663911447,-1.8532085883286626,1.233385890009397,0.14532073735346931
2015,5,365,0.6713531374930961,-1.8385304441021009,1.6865575925554739,0.3449057742804408
2015,6,366,0.7081531697832848,-1.6971520711109924,1.465876904568205,0.42962163192561803
2015,7,367,0.6455749861044952,-2.017347260713664,1.4015922827028853,0.3449512762757046
2015,8,368,0.7063900476816173,-1.9521697313525666,0.9798746205205527,0.20262482018299527
2015,9,369,0.6853516270341596,-2.0271632327635576,1.2614814713216271,0.1851705038621191
2015,10,370,0.6893239643915557,-1.8536587419855213,1.3319267395502823,0.256240674203634
2015,11,371,0.6467464060184268,-1.96287422726129,1.088779765159823,0.10124237656566383
2015,12,372,0.7019970626340342,-2.205535875214701,1.0645122739678408,-0.05180205286483524
2016,1,373,0.6929063602265944,-1.9008335858136345,0.9302861727600176,-0.06354893172516816
2016,2,374,0.7185107027545433,-1.9178327044175734,1.2256860189211023,0.03503359485604775
2016,3,375,0.7360076280622349,-1.8839377156738213,1.3535632149616632,0.11976307673759878
2016,4,376,0.7764923058755505,-1.7933295490138235,1.4770264469768113,0.3121198773143597
2016,5,377,0.7097755458153417,-1.9532892492937028,1.3116054724277144,0.11608099959255674
2016,6,378,0.7259280765755041,-1.7955322562962375,1.2646048957519251,0.29654067816700974
2016,7,379,0.6553607830264933,-1.8169262643892101,1.4244871117136122,0.3450032315429025
2016,8,380,0.6827817322062798,-1.6031217492982786,1.3906654961520568,0.455537306362934
2016,9,381,0.7161272549665525,-1.946605283026026,1.5409806837510613,0.19411369693088526
2016,10,382,0.6884887284328531,-1.7037225943601033,1.5325968895062616,0.4539574490102078
2016,11,383,0.8474936943486829,-1.3484888080031618,1.2233320406644723,0.4252947981462513
2016,12,384,0.7454162560309037,-1.485278078195672,1.4437936885621534,0.6251160437572958
2017,1,385,0.7719571801039372,-1.6313629323940866,1.3795561619373138,0.5252879007623041
2017,2,386,0.724928049124125,-1.4316566340805308,1.4597805804164672,0.6939017635850538
2017,3,387,0.6820181333616555,-1.4514482785386527,1.689439489533413,0.8049057408816106
2017,4,388,0.6679987094054539,-1.6331047635342335,1.3448130044585311,0.4281920235226233
2017,5,389,0.7305237718941299,-1.6595726629806107,1.579632372886441,0.5009782754361158
2017,6,390,0.7004908726517827,-1.7835011331809203,1.4444212923967474,0.45491587924462407
2017,7,391,0.6655208679751984,-1.762214562657532,1.4038105582718132,0.35016994864597817
2017,8,392,0.6620378105616703,-1.6558514309055365,1.473833967089086,0.59588626686614
2017,9,393,0.692420919966765,-1.8066082257403584,1.6709582945018973,0.3626830808956424
2017,10,394,0.7394240257524594,-1.7041798126101924,1.372793616653165,0.39160070295650523
2017,11,395,0.7319374072194816,-1.726638158537665,1.4063226365232615,0.5734493287148794
2017,12,396,0.672610922253078,-1.6331661858101247,1.4731576761458585,0.6466023831817997
2018,1,397,0.6445580223452293,-1.761165725715846,1.3598960369931414,0.5291286703015528
2018,2,398,0.6985972620614612,-1.8474695391496696,1.0590779590098072,0.33804099214873606
2018,3,399,0.6814853548105742,-1.849006925261781,1.158574726213504,0.27929500581618105
2018,4,400,0.7051603195596517,-1.9233535450325765,1.3950477588927819,0.3866859650976435
2018,5,401,0.753758519215693,-1.7882358669540313,1.5275605863706287,0.27884236621388364
2018,6,402,0.7025652638070824,-1.7353988726062886,1.424041814678701,0.48565966771500657
2018,7,403,0.6573599784013394,-1.7612381880710815,1.244014845650455,0.21616314879594442
2018,8,404,0.6942938531519738,-1.8839993629762173,1.29590622692073,0.23264727476351002
2018,9,405,0.6565294146560325,-1.7678983345287766,1.5717739145788554,0.49048642531490555
2018,10,406,0.7057570153234394,-1.804676926750259,1.4526692546221316,0.3470219294595919
2018,11,407,0.6776005532240157,-1.959794367619874,1.2548723364074652,0.23031872505387302
2018,12,408,0.6804483828009197,-2.057195165603959,1.1404603433225797,0.14228906922071777
2019,1,409,0.7317112819399142,-1.869496454519635,1.645864572174254,0.48389676255498715
2019,2,410,0.6588953761536143,-1.8222228117555281,1.680308647241009,0.4670541985050168
2019,3,411,0.6728832260935359,-1.974086867186891,1.441965315392949,0.2391019481267969
2019,4,412,0.6350453173273648,-1.93927675623436,1.6661519731455692,0.2791619762480217
2019,5,413,0.6351038406475913,-1.828574186627584,1.6189413698014736,0.2500173712644365
2019,6,414,0.6305408276325245,-1.8398580588108062,1.4926700939087156,0.4455501735935994
2019,7,415,0.662717059344209,-2.0771576456899705,1.3935173604073068,0.12320970202876048
2019,8,416,0.6881873760160611,-2.1196223157974403,1.0891903376575305,-0.016487836033067575
2019,9,417,0.6568813835193935,-2.039860401859472,1.3821710321847942,-0.1292914754245064
2019,10,418,0.6686689225092194,-2.174649372495808,1.3860099307273714,0.06814161782451776
2019,11,419,0.6468418454927596,-1.9983642570776678,1.3576632104458803,0.10492500553794194
2019,12,420,0.6915567898344462,-2.0072260446433714,1.345591616305482,0.1953014450693006
2020,1,421,0.680532690165136,-1.8626392332843076,1.5216658620676278,0.3197443849122962
2020,2,422,0.6484080155766346,-1.972459302376275,1.2157091957515607,0.31297199822921545
2020,3,423,0.7191386972599721,-1.9022287829169808,1.5885653709928054,0.254417164891161
2020,4,424,0.7978923428912476,-1.776485534212392,1.7315290837886883,0.4531937095407684
2020,5,425,0.7038384311469537,-1.968542926848404,1.824105909247925,0.32585922573331394
2020,6,426,0.6947916284888586,-2.0838856746622736,1.3546143294430641,0.35512577660819916
2020,7,427,0.6941915046432383,-1.8951544692982512,1.4761559191984528,0.3339789912708384
2020,8,428,0.7218020337160305,-1.8720011111280637,1.2802850320211785,0.31225385238406833
2020,9,429,0.6972771713609563,-1.9165590734209055,1.4756076995732,0.5299566759320656
2020,10,430,0.698091465704329,-1.7454197608289654,1.38620424382087,0.3353835717743108
2020,11,431,0.7762523079975889,-1.3984913591004264,1.524231801539759,0.645859071720689
2020,12,432,0.6386596257061511,-1.5676860068112992,1.442607436959708,0.4548156426187085
2021,1,433,0.7046379542017858,-1.5741063944416258,1.6907228710466298,0.5526889448423542
2021,2,434,0.6774174074540139,-1.7653801202503583,1.4816206942949803,0.15064625975344043
2021,3,435,0.7112739675300535,-1.7481100159877914,1.5817372515440795,0.45037338167925084
2021,4,436,0.7761700561205966,-1.7937652127084383,1.487630970126966,0.10109032985434596
2021,5,437,0.670855979886534,-1.538884101943222,1.8590426120858083,0.7900390033644301
2021,6,438,0.6940704595593697,-1.9247396956283562,1.4980712155288323,0.42038316428499545
2021,7,439,0.7791974245975033,-1.930167277194851,1.514592154039699,0.12738973259972985
2021,8,440,0.7549565989406047,-1.7161334222736906,1.427658092140491,0.36512398003957297
2021,9,441,0.7289193663859574,-1.8672658298091613,1.468827158149362,0.188857336222502
2021,10,442,0.7640552832458365,-1.7316530688289167,1.7255145074608,0.3879906854528566
2021,11,443,0.6856111179642475,-1.7414425856866478,1.5830643320164235,0.32973474679483106
2021,12,444,0.7784214019547212,-1.8552965042435694,1.442018860408785,0.19592902220570588
