DATE,USAGFCFQDSNAQ
1972-01-01,908537000000.0
1972-04-01,919345000000.0
1972-07-01,917590000000.0
1972-10-01,956775000000.0
1973-01-01,996161000000.0
1973-04-01,996956000000.0
1973-07-01,988511000000.0
1973-10-01,982628000000.0
1974-01-01,973878000000.0
1974-04-01,970429000000.0
1974-07-01,953837000000.0
1974-10-01,911379000000.0
1975-01-01,876760000000.0
1975-04-01,856806000000.0
1975-07-01,887954000000.0
1975-10-01,909903000000.0
1976-01-01,942826000000.0
1976-04-01,943018000000.0
1976-07-01,949200000000.0
1976-10-01,980029000000.0
1977-01-01,1011381000000.0
1977-04-01,1057035000000.0
1977-07-01,1064587000000.0
1977-10-01,1076124000000.0
1978-01-01,1081398000000.0
1978-04-01,1162010000000.0
1978-07-01,1193667000000.0
1978-10-01,1220456000000.0
1979-01-01,1216210000000.0
1979-04-01,1219844000000.0
1979-07-01,1248048000000.0
1979-10-01,1238856000000.0
1980-01-01,1233790000000.0
1980-04-01,1144041000000.0
1980-07-01,1148860000000.0
1980-10-01,1184951000000.0
1981-01-01,1201243000000.0
1981-04-01,1201530000000.0
1981-07-01,1197764000000.0
1981-10-01,1200996000000.0
1982-01-01,1168917000000.0
1982-04-01,1143141000000.0
1982-07-01,1121696000000.0
1982-10-01,1129354000000.0
1983-01-01,1150482000000.0
1983-04-01,1186910000000.0
1983-07-01,1248512000000.0
1983-10-01,1308453000000.0
1984-01-01,1347773000000.0
1984-04-01,1396925000000.0
1984-07-01,1423659000000.0
1984-10-01,1460603000000.0
1985-01-01,1474579000000.0
1985-04-01,1505166000000.0
1985-07-01,1510245000000.0
1985-10-01,1533262000000.0
1986-01-01,1540813000000.0
1986-04-01,1548742000000.0
1986-07-01,1558829000000.0
1986-10-01,1564354000000.0
1987-01-01,1548529000000.0
1987-04-01,1573880000000.0
1987-07-01,1599722000000.0
1987-10-01,1600450000000.0
1988-01-01,1589205000000.0
1988-04-01,1617439000000.0
1988-07-01,1621352000000.0
1988-10-01,1640766000000.0
1989-01-01,1650856000000.0
1989-04-01,1654579000000.0
1989-07-01,1684920000000.0
1989-10-01,1667974000000.0
1990-01-01,1695374000000.0
1990-04-01,1668437000000.0
1990-07-01,1659143000000.0
1990-10-01,1628395000000.0
1991-01-01,1587408000000.0
1991-04-01,1596569000000.0
1991-07-01,1596484000000.0
1991-10-01,1597712000000.0
1992-01-01,1619962000000.0
1992-04-01,1655489000000.0
1992-07-01,1664898000000.0
1992-10-01,1699334000000.0
1993-01-01,1700163000000.0
1993-04-01,1728534000000.0
1993-07-01,1745359000000.0
1993-10-01,1803922000000.0
1994-01-01,1804884000000.0
1994-04-01,1839627000000.0
1994-07-01,1864201000000.0
1994-10-01,1895254000000.0
1995-01-01,1931397000000.0
1995-04-01,1931786000000.0
1995-07-01,1947323000000.0
1995-10-01,1975189000000.0
1996-01-01,2025784000000.0
1996-04-01,2080619000000.0
1996-07-01,2122155000000.0
1996-10-01,2153073000000.0
1997-01-01,2178106000000.0
1997-04-01,2215554000000.0
1997-07-01,2288454000000.0
1997-10-01,2301413000000.0
1998-01-01,2357550000000.0
1998-04-01,2435276000000.0
1998-07-01,2488294000000.0
1998-10-01,2537311000000.0
1999-01-01,2581660000000.0
1999-04-01,2636841000000.0
1999-07-01,2696032000000.0
1999-10-01,2721230000000.0
2000-01-01,2788580000000.0
2000-04-01,2832313000000.0
2000-07-01,2840417000000.0
2000-10-01,2854881000000.0
2001-01-01,2847701000000.0
2001-04-01,2840427000000.0
2001-07-01,2804819000000.0
2001-10-01,2775367000000.0
2002-01-01,2766594000000.0
2002-04-01,2767098000000.0
2002-07-01,2772502000000.0
2002-10-01,2771043000000.0
2003-01-01,2791343000000.0
2003-04-01,2845772000000.0
2003-07-01,2931913000000.0
2003-10-01,2977539000000.0
2004-01-01,2970264000000.0
2004-04-01,3039986000000.0
2004-07-01,3091579000000.0
2004-10-01,3136705000000.0
2005-01-01,3182889000000.0
2005-04-01,3230079000000.0
2005-07-01,3276734000000.0
2005-10-01,3290410000000.0
2006-01-01,3355542000000.0
2006-04-01,3345675000000.0
2006-07-01,3320642000000.0
2006-10-01,3305382000000.0
2007-01-01,3306037000000.0
2007-04-01,3330168000000.0
2007-07-01,3316244000000.0
2007-10-01,3297634000000.0
2008-01-01,3254287000000.0
2008-04-01,3244464000000.0
2008-07-01,3182549000000.0
2008-10-01,3011539000000.0
2009-01-01,2820754000000.0
2009-04-01,2752566000000.0
2009-07-01,2762704000000.0
2009-10-01,2767407000000.0
2010-01-01,2757249000000.0
2010-04-01,2845626000000.0
2010-07-01,2856404000000.0
2010-10-01,2892010000000.0
2011-01-01,2875086000000.0
2011-04-01,2919513000000.0
2011-07-01,3008949000000.0
2011-10-01,3067232000000.0
2012-01-01,3129950000000.0
2012-04-01,3177218000000.0
2012-07-01,3170946000000.0
2012-10-01,3208178000000.0
2013-01-01,3239229000000.0
2013-04-01,3257752000000.0
2013-07-01,3305841000000.0
2013-10-01,3336170000000.0
2014-01-01,3348459000000.0
2014-04-01,3437808000000.0
2014-07-01,3494148000000.0
2014-10-01,3533057000000.0
2015-01-01,3536690000000.0
2015-04-01,3579129000000.0
2015-07-01,3607061000000.0
2015-10-01,3594983000000.0
2016-01-01,3627831000000.0
2016-04-01,3637582000000.0
2016-07-01,3663937000000.0
2016-10-01,3693210000000.0
2017-01-01,3749414000000.0
2017-04-01,3783940000000.0
2017-07-01,3785740000000.0
2017-10-01,3861920000000.0
2018-01-01,3915615000000.0
2018-04-01,3970316000000.0
2018-07-01,3975862000000.0
2018-10-01,3982749000000.0
2019-01-01,4027110000000.0
2019-04-01,4085934000000.0
2019-07-01,4113312000000.0
2019-10-01,4113113000000.0
2020-01-01,4107613000000.0
2020-04-01,3812915000000.0
2020-07-01,4009522000000.0
2020-10-01,4156201000000.0
2021-01-01,4250973000000.0
2021-04-01,4269981000000.0
2021-07-01,4264536000000.0
2021-10-01,4270559000000.0
