LSDnegative,LSDpositive
a lie,ability*
abandon*,abound*
abas*,absolv*
abattoir*,absorbent*
abdicat*,absorption*
aberra*,abundanc*
abhor*,abundant*
abject*,acced*
abnormal*,accentuat*
abolish*,accept*
abominab*,accessib*
abominat*,acclaim*
abrasiv*,acclamation*
absent*,accolad*
abstrus*,accommodat*
absurd*,accomplish*
abus*,accord
accident*,accordan*
accost*,accorded*
accursed*,accords
accusation*,accountab*
accuse*,accru*
accusing*,accuracy*
acerbi*,accurat*
ache*,accustom*
aching*,ace
achy,aced
acomia*,aces
acrimon*,achiev*
adactylism*,acquaintanc*
addict*,acquiesc*
admonish*,active*
admonition*,actual
adulterat*,actuali*
adultery*,adaptab*
advers*,adaptive
affectation*,adept*
affected*,adequat*
affected manner*,adhere*
afflict*,admirab*
affright*,admiration*
affront*,admire*
afraid*,admiring*
against,admit*
ageism,adopt*
ageist,adorable
aggravat*,adorably
aggress*,adoration
aggressiv*,adore*
aggriev*,adoring
aghast*,adorn*
agitat*,adornment
agoni*,adroit*
agony*,advanc*
ail*,advantag*
aimles*,adventur*
alarm*,advisab*
alas,advocacy*
alien*,advocat*
allegation*,affab*
allege,affability*
alleged*,affection*
aloof*,affinity*
altercation*,affirm*
amateuri*,affix*
ambiguit*,affluent*
ambiguou*,afford*
ambivalent*,afloat*
ambush*,agil*
amiss*,agree*
amnesia*,aid
amok*,aided
amoral*,aids
anal,alertness
anality,aliv*
anally,allay*
anarchist*,allegian*
anarchy*,alleviat*
anchoret*,allianc*
anchorit*,allied*
anger*,allowab*
angr*,allowed*
angry*,allur*
anguish*,ally*
animosity*,alright
animus*,amatory*
annihilat*,amaz*
annoy*,ameliorat*
anomalous*,amenab*
antagoni*,amends
anticlimax*,amiab*
antipath*,amicab*
antiquate*,amnesty*
antisocial*,amore
antithe*,amorous*
anxi*,amour*
apath*,ampl*
apologist,amus*
appal*,angel
appall*,angelic*
apprehens*,angels
arbitrar*,animat*
arduous*,antiseptic*
argue*,apologetic*
arguing*,apologies
argument*,apologis*
arrogan*,apologising
arse,apologiz*
arsehole*,apology*
arses,appeas*
artificial*,applaud*
artless*,applaus*
asham*,apposit*
asinin*,appraisal*
ass,apprecia*
assail*,apprehend*
assassin*,approv*
assault*,apt*
asses,ardent*
asshol*,ardor*
astray*,ardour*
asunder*,aristocra*
at odds,artful*
atroc*,artistic*
atrophy*,aspir*
attack*,assent*
audacity*,assert*
auster*,asset*
authoritarian,assiduous*
autocrat*,assist
avaric*,assistance*
aveng*,assisted
avers*,assisting
avert*,assists
avoid*,assuag*
awful*,assuasiv*
awkward*,assur*
awry*,astut*
ax,attach
axe,attachment
axed,attain*
axes,attract*
axing,attun*
babbl*,auspicious*
back seat,authentic*
backlash*,authenticity*
backlog,authoritative*
backslide,autonom*
backward*,avid*
bad,award*
badd*,awareness
badger*,awesome*
badland*,backbon*
badly*,balance*
badmouth*,balmy*
badness,beaming
baffl*,beatif*
bail,beatitude*
bailed,beaut*
bailee,becharm*
bailer*,befit*
bailing,befriend*
bails,behalf*
bait*,beloved*
balk,benefactor*
balked,benefic*
balks,benefit*
balky,benevolen*
ballast*,benign*
balled,best
balling,betrothed*
bamboozl*,better
banal*,bewitch*
bandit*,big break*
bane,big heart*
baneful*,blameless*
banes,bless*
banish*,bliss*
bankrupt*,blith*
barb,bloom
barbarian*,bloomed
barbarous,blooming
barbed,blooms
barbwire*,bloomy
bare*,blossom*
barely,blow a kiss
baring,bold
bark,bolder
barked,boldest
barking,boldly
barks,boldness
barred,bolster*
barren*,bonny*
barricad*,boon
barring,bound by*
bashful*,bounden duty*
bastard*,bountiful*
battered,brainy
batterer,brave*
battering,break no bones
battle,break through
battled,breakthrough*
battles,breathtaking*
beak,bright*
beaked,brillian*
beaks,broadminded*
beast*,brotherhood*
beatable,brotherly*
beaten,buddy*
beater*,bullet proof
beating*,bulletproof
bedevil*,bull's eye
befuddl*,buoyan*
beggar*,calm*
begrudg*,candid
beguil*,candidly
behead*,candidness
belabor*,candor*
belabour*,candour*
belated*,capab*
beleaguer*,captivat*
belie,care
belittl*,cared
bellicose*,carefre*
belligeren*,careful*
bemus*,carer
berat*,cares
bereav*,caress*
bereft*,caring*
berserk*,carol*
beset*,casual
besiege*,casually
betray*,cater
bewar*,catered
bewilder*,catering
beyond the pale,caters
bias*,cautious*
bicker*,celebrat*
big lie*,celebrit*
bigot*,ceremon*
bimbo*,champ
bitch*,champion*
bite*,champs
biting,charismatic*
bitter*,charit*
bitty,charm*
bizarr*,chaste*
black hole*,cheap
black mark*,cheaper
blackball*,cheapest
blacken*,cheaply
blacker,cheer
blackest,cheered*
blackheart*,cheerer*
blackly,cheerful*
blackmail*,cheeri*
blame,cheerlead*
blamed,cheers*
blameful*,cheery*
blamer,cherish*
blames,cherub*
blameworthy,chilled out
blanch*,chuckl*
bland*,civil*
blase*,clarify*
blasphem*,classic*
blast,classier
blasted,classiest
blaster*,classiness
blasting,classy
blasts,clean
blatant*,cleaned
bleak*,cleaner
bleary*,cleanest
blemish*,cleaning
blind,cleanliness
blinded,cleans
blinder*,cleanse
blindest,cleansing
blinding*,cleanup
blindly,clear head*
blindness*,cleared
blinds*,clearer
block,clearest
blockage*,clearheaded
blocked,clearing*
blockhead*,clearness
blocking*,clears
blocks,clever*
blood*,cling*
blow,cloud nine
blowback*,cloudless*
blowhard*,coaction*
blowhole*,coddl*
blown,cogent*
blows,cognizant*
bluff*,coherent*
blunder*,cohes*
blunt*,collaborative*
blur,colleagu*
blurred,combating
blurri*,combats
blurry,combatting
blurs,come to life*
blurt*,come upon for*
bluster,comeback
blustering,comely*
boast*,comfort
boastful*,comfortab*
boding*,comforted*
bog,comforter*
bogeym*,comforting*
bogg*,comforts*
bogus*,commemorat*
boisterous*,commend*
bolt*,commensurat*
bomb,commiserat*
bombard*,commitment*
bombast*,commodious*
bombed,companion*
bomber*,compassion*
bombing*,compatib*
bombs,compensat*
bondage*,competen*
boo,complacen*
booing,complement*
boorish*,completeness
bore*,complianc*
boredom*,compliment*
boring*,comply
botch*,complying
bother*,comprehensiv*
boxed,conciliation*
boxy,conciliatory*
brainless*,conclusiv*
brandish*,concur
brank*,concurred
bravado*,concurs
brawl*,conduciv*
brazen*,confidant
breach,confide
breached,confided
breaching,confidenc*
breakable,confident
breakage,confidently
breakdown*,confides
breaking,confiding
breakup*,confirm*
breathless*,congenial*
bristle*,congratulat*
brittle*,connect
brok,conque*
broke,conscienc*
broken*,conscientious*
brood*,consensus*
browbeaten*,consent*
bruise*,conservation
bruising,conserve*
brunt*,considerat*
brusqu*,consign*
brutal*,consistency
brute*,consistent
brutish*,consolable
buffoon*,consolation
bug,consolatory
bugged,console
bugger*,consoled
bugging,consoles
bugs,consolidat*
bull,consoling
bulldoz*,construct
bulled,constructed
bullet,constructing
bullets*,constructiv*
bullhead,consummat*
bullie*,contented*
bulling,contenting
bullish,contently
bullock*,contentment*
bullshit*,continuity*
bullwhip*,contribution*
bully*,convenient*
bum,convinc*
bumble*,convivial*
bumbling,cool head*
bumm*,cooperat*
bumped,coordinate
bumps,coordinated
bumpy,coordinates
bums,coordination
bungl*,cope*
burden*,coping*
burglar*,cordial*
buried*,correct
burn,corrected
burned,correcting
burning*,corrective*
burnout,correctly
burns,correctness
burnt,cosy*
bury*,courag*
bushed*,courted
busted*,courteous*
butchery*,courtesy
butt,courting
butted,courtli*
butting,courtly
buttock,create
butts,created
by a side wind*,creating
calamit*,creation
callithump*,creations
callous*,creativ*
camouflag*,credibility
can of worms,credible
cancer*,credit
cannibal*,creditable
cannon,creditably
cannons,credited
cantankerous*,crediting
capitulat*,credits
capricious*,crown*
careless*,crystal
carping*,cuddl*
carps,culminat*
cast down*,cultivat*
cast off*,cupid*
castaway*,cure
castigat*,cured
castoff*,curer
castrat*,cures
casts,curiosity
casualt*,curious*
cataclysm*,cute*
catastroph*,cutie*
caustic*,cutting edge
censor*,danc*
censur*,daring*
chafe*,darlin*
chagrin*,dauntless*
challeng*,dazzl*
chao*,dear
charge*,dearer*
charlatan*,dearest*
chase*,deari*
chastis*,dearly*
cheapen,dearness*
cheapness,dears*
cheapo,decency*
cheapskate,decent
cheat*,decently
cheerless*,decisiv*
chide*,decorat*
chiding*,dedicat*
childish*,defend
chill,defended
chilled,defender
chiller,defending
chilli*,defends
chills,defensible
chilly,delicac*
choke,delicate*
choked,delicious*
choker*,delight*
chokes,delightful*
choking*,dependab*
choler*,descry*
clamor*,deserv*
clamour*,desir*
clash*,determin*
classism,detersiv*
classist,devot*
claw*,dexter*
clobber*,digni*
clog*,diligent*
cloud,dirt cheap*
clouded*,discern*
cloudi*,discover*
clouds,discreet*
cloudy*,discretion*
clumsi*,dispensatory*
clumsy*,distinguished*
clutter*,divin*
coarse*,docil*
cock,dominan*
cocked,doubtless*
cockeyed,doughty*
cockfight*,down to earth*
cockier,dutiful*
cockiest,eager*
cockily,earnest*
cockiness,ease
cockroach*,eased
cocks*,easeful
cocky,easement
coerc*,eases
coers*,easi*
cold*,easy*
collaps*,ebullient*
collision*,ecstatic*
coma,educate*
comas,educating
comatose*,educational*
combat,educations
combatant,educator*
combated,effectiv*
combative,efficac*
comfortless*,efficien*
commoner*,effort*
commotion*,elaborat*
complain*,elat*
complexit*,elegan*
complicat*,eloquent*
conceal*,embolden*
conceit*,embrac*
concern,eminenc*
concerned,eminent*
condemn*,empath*
condescend*,emperor*
condescension,emphatic*
confess*,empower*
confinement*,enamor*
confiscat*,enamour*
confiscation*,enchant*
conflict*,encourag*
confound*,endear*
confront*,energetic*
confus*,energiz*
connectionless,enhanc*
conspir*,enjoy*
conspira*,enjoyment*
consternat*,enlighten*
constrain*,enrich*
contagious*,ensur*
contaminat*,entertain*
contemn*,enthrallment*
contempt*,enthus*
contend*,enthusiastic*
contention,entranced
contentious*,entrancement*
contestable,entrancing
contested,enviable
contester,enviably
contesting,equality
contests,equitabl*
contradic*,escap*
contrary*,essential
contrast*,esteem*
contraven*,ethic*
contrit*,euphori*
controvers*,exalt*
controversy*,excel*
convict,exceptional
convicted,excitab*
convicting,excite*
conviction*,excited*
convicts,exciting*
cool reception,exhilarat*
cool relations,exhilerat*
coolness*,expectancy*
corpse*,expert*
corrod*,expressiv*
corros*,exquisit*
corrupt*,extraordinary*
costly*,exuberan*
counterfeit*,exult*
covert*,exultant*
covet*,fabulous*
coward*,facile
cowed,factual*
cower*,fair
crabbed*,fairer
crabby*,fairest
crafty*,fairness
cram*,faith
cramp,faithful*
cramped,fallib
cramps,fame
crank,famed*
cranked,famou*
cranki*,fanci*
cranks,fancy*
cranky,fantastic*
crap,farsighted*
crapp*,fascinat*
craps,fashionab*
crass*,faultless*
crave*,favorab*
crawl*,favorite*
craz*,favourab*
credul*,favourite*
creep*,fearless*
crie*,feasible
crime,feast*
crimes,fecund*
criminal*,fervor*
cring*,fervour*
crippl*,festal*
crisi*,festiv*
critic*,fete*
critiqu*,fidelity*
croak*,fiesta*
crook*,finesse
cross the line,finest
crossfire*,firmly
crossly,firmness
crotchety*,fit
crowded,fitness
crowding,flatter*
crucifie*,flawless*
crucify*,flexib*
crude*,flirt*
cruel*,flourish*
crumb*,fluen*
crummy,flush
crush*,flushed
cry,fond
crybab*,fonder
crying,fondest
crypt,fondly
cryptic,fondness
crypts,forceful
culpab*,foremost*
culprit*,foresight*
cult,forgav*
cultish,forgiv*
cults,fortitud*
cumbersom*,fortunate*
cunt*,forward
curse,foster
cursed,fostered
curser,fosterer
curses,fostering
cursing,fosters
cursory,fragrant*
curst,frank
curtain*,franker
cut to pieces*,frankest
cut up*,frankness
cutt,fraternal*
cutter*,free
cutthroat*,freeb*
cutting*,freed*
cynic*,freedom*
daft*,freeing
damag*,freely
damm*,freeman
damn*,freeness
dander*,freer
danger*,frees
dark*,freest
darn,freethink*
darned,fresh*
dash,friend
dashed,friendli*
dashes,friendly
daunt,friends
daunted*,friendship*
daunting*,frolic*
daunts*,frugal*
dawdl*,fruitful*
daze*,fruition*
dead,fulfill*
deadbeat*,fullness*
deaden*,fun
deadlier,funni*
deadliest,funny*
deadlock*,gaiety*
deadly,gaily
deadweight,gala
deaf*,galas
dearth*,gallant*
death*,garnish*
debatab*,gayly
debilitat*,generate*
debt*,generating
decadenc*,generative
decay*,genero*
decease*,genial*
decei*,geniu*
decepti*,gentle
decrie*,gentler
decry*,gentlest
defam*,gently
default*,genuin*
defeat*,germane
defect*,giddy*
defenceless*,gift*
defenseless*,gifted*
defensive*,giggl*
defian*,glad
deficien*,gladden*
deficit*,gladder
defil*,gladdest
defy*,gladly
degenerat*,gladnes*
degrad*,gladsome*
deject*,glamor*
delay*,glamour*
deleterious*,gleam*
delinquen*,glean*
deliriu*,glee*
deluded*,gleeful*
delug*,glimmer*
delusion*,glisten*
demean,glitter*
demeaned,glorious*
demeaning*,glory*
demeans,glossy*
dement*,glow
demis*,glowed
demolish*,glowing
demon,glows
demoniac,goddess*
demonic,godli*
demons,gold
demorali*,golden*
denial*,good
denie*,goodie*
denigra*,goodness*
denounc*,goodwill*
dent,goodx
dented,goody
denting,gorgeous*
dents,gownsman*
deny*,grace
depend,graced*
dependen*,graceful*
deplet*,graces*
deplor*,graci*
deport*,graft*
depose,grand
deposed,grande*
deposes,grandly
deposing,gratef*
deprav*,gratifi*
deprecat*,gratify*
depreciat*,gratitude*
depres*,great
depriv*,greatness
derail*,greet*
derid*,gregarious*
derision,grin
derisiv*,grinn*
derogator*,grins
deserted*,guardian*
deserter,guiltless*
desertion*,gusto*
desolat*,guts*
despair*,hairif*
desperat*,handsom*
despicab*,handy*
despis*,happi*
despiteful*,happy*
despondant*,hard earned
desponden*,hard fought
destitut*,hard work*
destroy*,hardi*
destruct*,hardworking
desultory*,hardy*
detached*,harmless*
deter,harmonic*
deteriorat*,harmonies
determent,harmonious*
deterred,harmonists
deterrence,harmonium
deterrent*,harmony
deterring,harness*
deters,heal
detest*,healed
detract*,healing
detrimental*,heals
devalu*,healthful*
devastat*,healthi*
devil*,healthy
devious*,heart and soul
devoid,heart stirring
devour*,hearten*
diabolic*,heartfelt*
dick,hearti*
dicks,hearts
dictat*,heartwarm*
die,hearty*
died,heaven*
dies,help
difficult*,helped*
diffus*,helper*
dilapidat*,helpful*
dilemma*,helping
dim,helps*
dimly,hero
dimm*,heroes
dimness,heroic*
dims,heroine*
dimwit*,heroism
din,heros
dingy*,high end
dink*,high expectation*
dins,high point*
dire,high rank
direful,high regard
direr,highbrow
direst,highly rated
dirge*,hilari*
dirt*,hilariou*
disab*,holiday*
disadvantag*,homag*
disaffect*,home run*
disagre*,home stretch
disagree*,homed
disagreement*,homey
disappoint*,honest*
disappointment*,honesty*
disapprov*,honeymoon*
disast*,honor*
disavow*,honour*
disbelief*,hope
disclaim*,hoped*
discomfitur*,hopeful*
discomfort*,hoper*
discompos*,hopes*
disconcert*,hoping*
disconnect*,hospitab*
disconsolat*,hug
discontent*,hugg*
discord*,hugs
discordant*,humane*
discourag*,humanitarian*
discredit*,humility
discrepan*,humor
discrimina*,humored*
disdain*,humoring
diseas*,humorist
disenchant*,humorous*
disfavor*,humors
disfavour*,humour
disgrac*,humoured*
disgruntl*,humouring
disgust*,humourist
dishearten*,humourous*
dishevel*,humours
dishonest*,hurra*
dishonor*,hypnoti*
dishonour*,ideal
disillusion*,idealise*
disinclin*,idealistic*
disingenuous*,idealize*
disinterest*,ideally
dislik*,ideals
disloyal*,illum*
dismal*,illustriou*
dismay*,imaginative*
dismiss*,immaculat*
disobedien*,immortal*
disobey*,impartial*
disorder*,impeccable*
disorgani*,impress
disparag*,impressed
disparat*,impresser
dispel*,impresses
dispirit*,impressing*
displac*,impressionable
displeas*,impressive*
displeasur*,improve
dispose*,improved
disproportionat*,improvement*
disput*,improves
disquiet*,improving
disregard*,impunity*
disrespect*,in control
disrupt*,in gear*
dissatisf*,in obedience to*
dissent*,in still water*
disservice,inaugurat*
dissimilar*,incentive*
dissipat*,indispens*
dissociat*,indomitab*
dissolution*,indulge in*
distast*,indulgen*
distort*,industrious*
distract*,inexpensiv*
distraught*,infallib*
distres*,ingenious*
distress*,innocen*
distressing*,innocuous*
distrust*,innovat*
disturb*,inquisitiv*
dither*,inseparab*
divert*,insistent*
divide,inspir*
divided,intact*
divider,integrity*
divides,intellect*
dividing,intelligence
divisi*,intelligent
divorc*,intelligible
dizz*,interesting*
doldrum*,intimacy*
doleful*,intimat*
dolor*,invaluab*
dolour*,inventive*
domineer*,invite
donkey*,inviting
doom*,invulnerab*
dophagy*,jewel
double,jocular*
doubt,jocund*
doubtable*,join
doubted*,joined*
doubter*,joining*
doubtful*,jok*
doubting*,joll*
doubts,jovial*
downcast*,joy
downfall*,joyance
downhearted*,joyed*
downhill*,joyful*
downplay,joyous*
downside*,joys
downtrodden*,jubila*
drab*,justif*
drag,justify*
dragged,keen*
dragging,keep pace with*
drags,keeping*
drained*,kidded
drawback*,kidder
dread*,kidding
dreary*,kind word*
droop*,kinder
drown*,kindest
drowsy*,kindheart*
drunk*,kindly*
dubious*,kindness*
dudgeon*,kindred
dull*,kiss*
dumb*,knowledg*
dumm*,laid back
dump*,laidback
dun,laud*
dunce,lavish*
dunderhead*,lawful*
dung,learn*
duped*,legitima*
duplicit*,leisur*
dwindl*,liberat*
dying*,liberation*
dysfunction*,libert*
eccentric*,lighten*
effac*,lighthearted*
egotis*,likab*
elegy*,like
eliminat*,likeab*
embarrass*,liked
embitter*,liker
emergencies,likes
emergency*,liking*
emotionless,limelight
emptied,livel*
empties,load off
emptiness,long live
empty,look for*
encroach*,look to
endanger*,look up to*
enemi*,lovab*
enemy*,love
engrossed*,love struck
engulf*,loveable
enmity*,loved*
ennui*,loveli*
enrag*,lovely*
enslav*,lover*
entangl*,loves
entitlement*,lovey*
envie,loving*
envied,loyal*
envies,lucid*
envious*,luck
envy*,lucked*
epidemic*,lucki*
equivoca*,lucks
eradicat*,lucky*
eras*,lucrativ*
erod*,lullaby*
erosion*,luminous*
err,lustrous*
errancy,lute
errant,luxur*
erratic*,magestic*
erred,magnific*
erring,majestic*
erroneous*,majesty*
error*,make head*
errs,manageab*
esoteric*,manly*
estrang*,manna*
eulogi*,marvel*
evad*,masterful*
evasiv*,masterly*
evict*,mastery*
evil*,matchless*
eviscerat*,mate
exacerbat*,matur*
exaggera*,maturity*
exasperat*,meaningful*
excessiv*,mellow*
exclud*,memorab*
exclusion*,mend
excommunicat*,mended
excoriat*,mender
excruciat*,mending
execrab*,mends
execrat*,merciful*
exhaust*,mercy*
exile*,merit*
expel*,merr*
explod*,mesmeri*
exploit*,meticulous*
explosi*,mild
exterminat*,milder
extinct*,mildest
extinguish*,mildly
extravagant*,mildness
extreme,milestone*
extremi*,mindful*
eyesore,mint condition
fabrication*,mirac*
fade*,mirth*
fading*,mitigat*
fail*,moderate
faint*,moderated
faithless*,moderately
fake*,moderates
fallacies,moderating
fallacious*,moderation
fallacy,modest*
fallen,momentous*
fallout*,moral
fallow,morale
fals*,moralist
falsehood*,morality
falseness*,morally
falter*,morals
famine*,nabob*
famished*,neat*
fanatic*,neck and crop*
fascis*,nestl*
fash,neutral
fashed,neutrality
fashes,neutrally
fashing,nice*
fastidious*,nimbl*
fatal*,nirvana*
fatigu*,nobility*
fault,nobl*
faulted,nonaggress*
faulti*,nonbelligeren*
faults,nondestructiv*
faulty,nonjudgmental
favortitism*,nonmalignant
favourititsm*,nonpolluting
fawn*,nontoxic
faze*,nonviolen*
fear,normal
feared*,normalcy
fearful*,notab*
fearing*,notori*
fears*,nourish*
fed up,nurtur*
feebl*,oblige
feign*,obliged
feint*,obliger
feroc*,obliges
feud,obliging
feudal,observant
feuded,obtain*
feuding,occupied with*
feuds,of note
fiasco*,officious*
fickl*,ok
fidget*,okay
fiefdom*,on track
fiend*,one of a kind
fierc*,onward*
fiery*,open*
fight*,openly
filth*,openminded*
filthy*,openness
fishy,opportune
flabbergast*,opportunities
flaw,opportunity
flawed*,optim*
flaws*,orderly*
flimsy*,organic*
flinch*,outflank*
flip,outgoing*
flippan*,outliv*
flipped,outstand*
flipping,outwit*
flips,overjoy*
flop*,pacifie*
flounder*,pacify*
flunk*,painless*
flurry*,painstaking*
fluster*,palac*
flutter*,palatab*
foe*,panache*
fog,paradis*
fogg*,paramount*
foggy,pardon*
fogs,partner*
foibl*,passion
foil*,passionate*
folly*,passions
foment*,pat
fool*,patch up
foppish*,patienc*
forbid*,patiently
forced*,patriot*
forcing,peace*
forebade*,peerless*
forebid*,penchant*
forebod*,perceptiv*
forfeit*,perfect
forget*,perfecta
forgot*,perfected
forlorn*,perfecter
formidab*,perfection*
forsake*,perfecto
fought*,perfects
foul*,perk up*
foundered,permission*
fractur*,permissiv*
fragil*,persever*
frail*,persuasiv*
frantic*,pertinent*
fraud*,picturesqu*
fraught*,pious*
frazzl*,placid*
freak*,plaudit*
freezing,plausi*
frenz*,play it cool
fret*,playful*
friendless,pleasant*
fright*,pleasantry*
frigid*,pleased*
fritter*,pleasing*
frivol*,pleasur*
frown*,pleasurab*
frozen*,pledg*
fruitless*,plentiful*
frustrat*,poetic*
fuck*,poetry*
fulsom*,poignant*
fumbl*,poise*
fume*,polish*
fuming*,polite*
funereal*,pomp
furiou*,portable*
fury*,positiv*
fuss*,positivity
futil*,potent
gall,potently
galled,powerful*
galling*,practicab*
gallow*,practical*
gambl*,prais*
gang,precaution*
garbl*,precious*
gash,precis*
gashed,preeminent*
gashes,preferenc*
gashing,preparatory*
gasp*,prestig*
gaud*,pretti*
germ,priceless*
germs,prid*
ghastly*,princely*
ghost,principal
ghostli*,principl*
ghostly,privileg*
ghosts,prize*
gloat*,proactive*
gloom*,problem free
glower,problem solv*
glum*,productive
glut,productively
glutton*,professionalism
gnash*,proficien*
god knows*,progress
goddam*,progressive
goddamn*,prolific*
goodbye*,prominen*
gorgonian*,prompt
grab*,promptly
graceless*,promptness
grappl*,proper
grasp*,properly
grating*,properness
gratuitous*,propitious*
grave,prosper*
grave*,protect*
greed*,proud*
grie*,provide
grievous*,providence
grim*,providing
grind,prowess*
grinder,pruden*
grinding,punctual*
grindingly,pureness
gripe*,purer
grizzly*,purest
groan*,purif*
grogg*,purity*
gross,purposeful
grossly,quaint*
grotesqu*,quality*
grouch*,quietly*
groundbreaking,quoits*
grovel*,radian*
growl*,radiate
grubby*,radiated
grudg*,radiates
gruelling*,radiating
gruff*,raptur*
grumbl*,rational
grump*,rationally
guilt,readiness*
guilti*,ready*
guilty*,reaffirm*
gullib*,reanimat*
gunk*,reasonab*
gutless*,reassur*
hack*,receptiv*
hades*,reclaim*
haggard*,reconcil*
half hearted*,recover*
half mast,recreation*
halt,recreativ*
halted,rectif*
halting,rectitude
halts,red hot
hamper*,redeem*
handicap*,reestablish*
hang by a thread,refreshing*
hang over*,regardful*
hanged,regularity*
hangover*,reinforc*
haphazard*,reinstat*
hapless*,rejoic*
harang*,relating to belief*
harass*,relax*
hard,relevancy*
harden*,relevant*
harder,reliab*
hardest,reliant*
hardhead*,relief*
hardhearted*,reliev*
hardship*,relish*
harm,remarkab*
harmed*,remedy*
harmer*,remodel*
harmful*,renovat*
harming*,renown*
harms*,repair
harried*,repaired
harsh*,repairing
hassl*,repairs
hate*,reparation*
hating*,reparte*
hatr*,repriev*
haught*,reputab*
haunt*,rescu*
havoc*,resolut*
hazard*,resolv*
haze,resourceful*
hazed,resources*
hazer,respect
hazes,respectab*
hazi*,respected
hazy*,respectful*
headach*,respects
heart break,resplendent*
heart rending*,responsib*
heart wounding,responsiv*
heart wrench,restful*
heartache,restor*
heartbreak*,revel
heartbroke*,reveling
heartburn*,revell*
heartless*,revels
heartsick*,revere*
heavily*,revitaliz*
heavy*,reviv*
heckl**,revolutionary
heedless*,revolutioniz*
heinous*,reward*
hell,rich*
hellbender*,right
hellcat*,righted
hellfire*,righteous*
hellhole*,rightful*
hellhound*,righting
hellion*,rightly
hellish*,rights
hells,ripe
helpless*,ripen*
hesita*,ripest
hid*,robust*
hinder*,rollick*
hindranc*,romanc*
hissing*,romantic*
hits*,rosy*
hitt*,sacred*
hoax*,safe
hobbl*,safeguard*
holier than thou,safekeeping
hollow*,safely
holocaust*,safeness
homeless*,safer
homeli*,safest
homely*,safety*
homesick*,sagacity*
homicid*,sage
homophob*,sagely
hoodwinked*,sageness
hopeless*,sages
horr*,sagest
hostage*,saint*
hostil*,salut*
hot headed*,salvage
hot potato*,salvaged
hot seat,salvages
hot spot*,salvation*
hotbed*,sanctify*
hothead*,sane*
hotheaded*,sanguin*
hound*,sanitary*
huff*,sanity*
humiliat*,sapid*
humorless*,satisf*
humourless*,savvy*
hurt*,schoolfellow*
hustl*,schoolman*
hypercritical*,scrumptious*
hypochondriac*,scrupulous*
hypocri*,secure
hysteri*,secured
icy*,secures
ideologue*,securing
idiot*,seducing*
idle*,seductiv*
ignob*,sedulous*
ignom*,seize the day
ignor*,self control
ill,self motivated
illegal*,selfishless*
illegitima*,selfless*
illicit*,sensation
illitera*,sensational
illness*,sensations
illogic*,sense
illomen*,senses
ills,sensitiv*
illusion*,sensual*
illusive*,sensuous*
illusory,serene*
imbalance*,serenity*
immatur*,set clear*
immoral*,sexier
immovab*,sexiest
impair*,sexiness
impasse*,sexy
impatien*,sheltered
impede*,sheltering
impediment*,shelters
imperfect*,shield*
impersonal*,shiny*
impertinent*,shrewd*
impetuous*,significanc*
impinge*,significant
implausib*,simplify*
implicat*,sincer*
impolit*,sing
impossib*,singing
impotent*,sings
impoverish*,sinless
imprecis*,skill
imprison*,skilled
improbab*,skillful*
improper*,sky is the limit
improviden*,sleek*
imprudent*,smart*
impulsiv*,smash hit
impur*,smile*
in hot water,smiling*
inabilit*,smitten*
inaccessib*,smooth
inaccur*,smoothe*
inactiv*,smoothing
inadequa*,smoothly
inane,smoothness
inappropriat*,smooths
incapa*,snug*
incensed,so kind
incenses,sober*
incensing,sobriety*
incest*,sociab*
incoher*,softhearted*
incompatib*,softness*
incompetenc*,solac*
incompetent*,solemn*
incomplet*,soothe*
inconceivab*,soothing*
inconsiderat*,sophisticat*
inconsist*,soulmate*
inconsolab*,sound
inconvenient*,soundest
incorrect*,soundly
incredulous*,soundness
incriminat*,sparkl*
incurab*,special
incursion*,specialist*
indebted*,spectacular*
indecent*,spirit
indecis*,spirited*
indefinit*,spiriting
indeterminat*,spirits
indictment*,spiritual*
indifferenc*,splend*
indifferent*,splendor*
indigna*,splendour*
indiscriminat*,spotless*
indispos*,sprightly*
indistinct*,stabili*
ineffect*,stable
inefficien*,stableness
inept*,stamina*
inequal*,stately*
inequity*,staunch*
inexact*,steadfast*
inexcusab*,steadiness*
inexperienc*,steady*
inexplicab*,stick by
inexpressiv*,stick it out
inextinguishab*,stick to it
infamous*,stick up for
infect,stick with
infected,stimulat*
infectio*,straight and narrow
infects,straight shooter*
inferior*,straighten*
infest*,straightening
inflexib*,straightest
inflict*,straightforward
infrequent*,strength*
infring*,stress free
infuriat*,strifeless*
inglorious*,strike a balance
ingrat*,strong
inhib*,stronger
inhuman*,strongest
inimical*,stronghold*
injunction*,strongman
injur*,struck a balance
injury*,studious*
injustic*,stupendous*
innuendo*,sturdy*
inquietud*,stylish*
insan*,suav*
inscrutab*,sublime*
insecur*,subside
insensib*,subsides
insensitiv*,subsist*
insidious*,substantiat*
insignificant*,succeed*
insincer*,success
insinuat*,successes
insipid*,successful*
insolenc*,suckl*
insolent*,suffic*
insoucianc*,suggestiv*
instab*,suitability
insufferab*,suitable*
insufficien*,suitably
insulate,sumptuous*
insulated,sunny*
insulates,super
insult*,superable
insurgen*,superably
interfer*,superb
interrupt*,superboy
intimidat*,supercool
intolera*,supereminen*
intrud*,supergirl
intrusi*,supergroup
inundat*,superhuman
invad*,superior
invalid*,superiority
invas*,superlativ*
invisib*,superman
involuntary*,supermen
irascib*,superstar*
irascibility*,superwoman
irat*,superwomen
ire*,support*
irk*,surmount*
ironic*,surviv*
irony*,survivor*
irrational*,sustain*
irreconcil*,swear by
irregular*,sweet
irrelevant*,sweeten*
irreparab*,sweeter
irresponsib*,sweetest
irrita*,sweetheart*
irritat*,sweetie
isolat*,sweetly
itchy*,sweetness
jaded*,sweets
jail*,symboli*
jargon*,sympathetic*
jarred,sympathi*
jarring*,sympathy*
jars,symphon*
jealou*,tact
jeer*,tactful*
jeopard*,taintless
jerk*,talent*
jitte*,tasteful
joyless*,teasingly
judgmental*,temperance
jumbl*,temperate
jumpy*,temperately
junk,temperateness
junked,tempering*
junking,tenacious*
junks,tender
junky,tenderhearted*
kick,tenderly
kicked,tenderness
kicking,terrific*
kicks,thank
kidnap*,thanked
kill*,thanker
knif*,thankf*
kniv*,thanking
knock,thanks
knocked,thankworthy
labyrinth*,thaw*
lachrymos*,therapeutic*
lack*,thorough
lag,thoughtful*
laggard*,thrift
lagged,thrifti*
lagging,thriftless*
lags,thrifty
lame*,thrill*
languid*,thriv*
languish*,tickl*
languor*,tidy*
lapse,tingl*
lapsed,tireless*
lapses,titillat*
laughab*,tolera*
laughingstock,top notch*
lawles*,top rated
lawsuit*,topmost*
lax,trained
lazi*,tranquil
lazy*,tranquilit*
leaderless,tranquillit*
leak*,tranquilly
leery*,tranquilness
lethal*,treasure
liab*,treasured
liar*,treasures
lice,treasuring
lie to,tremendous*
lied,tribute*
lifeless*,tributes
limit,triump*
limita*,trophy*
limite*,true*
limiting,trust
limits,trustable
limp,trusted
limped,trustful*
limper,trusti*
limpid,trusts
limping,trustworth*
limply,trusty
limpness,truth*
limps,unaffected*
litter*,unbound*
livid*,unbroken*
loath*,unburden*
lone*,uncover*
loom*,unculpab*
loop hol*,undaunt*
lopsided*,undecked*
lorn*,under control
lose*,understand*
losing*,undisput*
loss*,undoubted*
lost*,unfailing
lous*,unforbidden*
loveless*,unforgettab*
lovelorn*,unimpeach*
lovesick*,uniqu*
low end,unite*
low expectation,united*
low point,uniting
low quality,unity*
low rank,unmaimed*
low rated,unmolested*
low regard*,unselfish*
lowborn,untiring*
lowbred,untroubled*
lowbrow,unwaver*
lowermost,unworr*
lowli*,upgrade*
lowly,uphold*
luckless*,uplift*
ludicrous*,upright*
lunatic*,upside
lure,useful*
lured,utilitarian*
lurer,valiant*
lures,valid*
lurid,valor*
luring*,valour*
lurk*,valuab*
lust,vanquish*
lustful*,venerab*
lying,venerat*
lynch*,veritab*
mad,versatil*
madd*,viability*
madhouse*,viabl*
madly,vibran*
madman*,victor*
madmen*,victory*
madness*,vigilan*
madwoman*,vigor*
maggot*,vigour*
maim*,virtue*
maladjust*,virtuo*
malady*,vision
malefic*,visionar*
malevolen*,vital*
malic*,vivaciou*
malign*,vivacity*
mangl*,vivid*
maniac*,voluntary*
manslaughter*,vouchsaf*
manur*,walk on air*
mar,warm
maraud*,warmed
marginaliz*,warmer
marred,warmest
marring,warmhearted*
mars,warming
masochis*,warmly
masquerad*,warmness
massacr*,warmth
meager*,wealth*
mean spirit*,wedlock*
meaner,welcom*
meanest*,well
meanies*,wellness
meaningless*,wholesom*
meanly,willingly*
meanness*,willingness*
meddl*,win
mediocr*,windfall
meek*,winn*
melanc*,wins
menac*,wisdom*
menial*,wise
merciless*,wised
mess,wisely
messed,wiser
messes,wises
messier,wisest
messiest,wit
messiness,without a hitch
messing,witti*
messy*,witty*
mildew,won
misanthrop*,wonderf*
misbehav*,wondrous*
miscarriage*,woo
mischie*,wooed*
misconduct,wooer
misdeed*,wooing*
miser*,woos
misfortun*,workable*
misgiving*,workmanship*
misguid*,worship*
mishandl*,worth
mishap*,worth while*
misinform*,worthi*
misle*,worthwhile*
misog*,worthy*
misplacement*,young at heart
misrepresent*,zeal
misspeak*,zealous*
misspend*,zest*
misspent*,
misspok*,
misstat*,
misstep*,
mist,
mistak*,
mistaught,
misteach*,
mistook,
mistreat*,
mistrust*,
misty,
misunderstand*,
misus*,
moan*,
mob,
mobb*,
mobs,
mock,
mocked,
mocker,
mockeries,
mockers,
mockery,
mocking,
mocks,
mold,
moldi*,
molds,
moldy,
molest*,
monoton*,
monster*,
monstrous*,
moodi*,
moody,
mordacity*,
moron*,
mortal,
mortifi*,
mortify*,
motherf*,
motionless*,
mourn*,
mud,
muddi*,
muddl*,
muddy*,
mumbl*,
mundan*,
murder*,
murkines*,
murky*,
mutter*,
muzzle*,
nag*,
naiv*,
narrow mind*,
narrow vision*,
nast*,
naught*,
nausea*,
nauseous*,
nay*,
nebula*,
nebulou*,
needy*,
negate*,
negation*,
negativ*,
neglect*,
negligen*,
nepotis*,
nervou*,
nervous*,
nettl*,
neurotic*,
neuter*,
nightmar*,
no man's land,
noisom*,
nonchalant*,
noncomplian*,
nonfeasance,
nonfunction,
nonmalleab*,
nonmarketab*,
nonoperational,
nonplus,
nonproductive,
nonrealistic,
nonrenewable,
nonsens*,
nonstarter,
nonviable,
nosedive*,
novice*,
nowhere,
nuisanc*,
,
nullif*,
numb,
numbing,
numbness*,
obit*,
objection*,
obliterat*,
obliv*,
obnoxious*,
obscen*,
obscur*,
obsolet*,
obstacl*,
obstinat*,
obstruct*,
odd,
oddball*,
oddest*,
oddit*,
oddly,
oddness*,
odious*,
odium*,
off balance,
off the rails,
offend*,
offens*,
oh well,
ominous*,
omission*,
omit*,
onerous,
opinionated*,
opponent*,
opportunism,
opportunist*,
oppose*,
opposed,
opposer,
opposes,
opposing,
opposite,
opposition,
oppress*,
opprobrious*,
ordeal*,
orphan*,
ostraci*,
oust*,
out of control,
out of pocket,
outburst*,
outcast*,
outcry*,
outlaw*,
outrag*,
overbearing*,
overblown*,
overcast*,
overcompensat*,
overconfiden*,
overcrowd*,
overflow*,
overgrown*,
overlook*,
overpowered,
overpric,
overprotective,
overreact*,
overrun*,
oversight*,
oversized,
overstep*,
overstrung,
overthrow*,
overturn*,
overwhelm*,
overzealous,
owe*,
pain,
pained*,
painf*,
paining*,
pains,
pall,
pallid*,
paltry*,
pandemonium*,
pandora's box,
panic,
panics,
panned,
paralysis*,
paralyze*,
paranoi*,
parasit*,
parochial*,
passe,
passionless,
patchi*,
patchy,
pathetic*,
pathless*,
patronag*,
peculiar*,
peev*,
penalt*,
peril*,
perish*,
perplex*,
persecut*,
perturb*,
perver*,
pessimis*,
pest,
pester*,
pestering*,
pesti*,
pests,
petty*,
phobi*,
phobic*,
phony*,
pillory*,
pinch*,
piqu*,
piss*,
piteous*,
piti*,
pity*,
plagu*,
plaint,
plaintive*,
plaints,
play down,
play games,
play god,
play politics,
pointless*,
poison*,
polariz*,
pollut*,
pompos*,
pompous*,
poor,
poorly*,
pounded,
pounding*,
pout*,
poverty*,
powerless*,
precarious*,
predatory*,
prejudic*,
premonition*,
preposterous*,
presag*,
presentiment*,
presumptuous*,
presuppos*,
pretens*,
pretentious*,
pretext,
prey*,
prick*,
prison,
prisoner*,
problem,
problematic*,
problems,
procrastinat*,
prohibit*,
protest*,
provocation*,
provok*,
prowl*,
psychotic,
punch,
punched,
puncher,
punches,
punching,
punish*,
punitive,
puny*,
purposeless*,
put off*,
putrid*,
puzzled,
puzzlement,
puzzling,
quack*,
qualm*,
quandary*,
quarrel*,
queas*,
queer*,
questionab*,
quibbl*,
quicksand,
racis*,
rage*,
ragg*,
raging*,
raid,
raided,
raiding,
raids,
rambl*,
rampag*,
rampant,
rancid*,
rancor*,
rancour*,
random,
randomly,
randomness,
rape*,
rapin*,
rapist*,
rascal*,
rash*,
rat,
rats,
ratti*,
rattl*,
ratty,
ravag*,
reactionary*,
rebel*,
rebuff*,
rebuk*,
rebut*,
recalcitrant*,
reced*,
reckless*,
recoil*,
redundan*,
reek*,
refus*,
regress*,
regret*,
reject*,
relaps*,
reluctan*,
remorse,
remorseful*,
remorseless,
renege*,
renounc*,
renunciation*,
repeal*,
repel*,
repent*,
reprehensib*,
repress*,
reproach*,
repudiat*,
repugnan*,
repuls*,
resent*,
resign*,
restiv*,
restless*,
restrict*,
retaliat*,
retard,
retreat*,
retribut*,
reveng*,
revert*,
revok*,
revolt*,
revulsion*,
ridicul*,
rigid*,
rigor*,
rigour*,
rile*,
rip,
ripp*,
rips,
risk*,
rivalry*,
rob,
robb*,
robs,
rock bottom*,
rogu*,
rot,
rots,
rotted,
rotten*,
rotting,
rough,
roughed,
rougher,
roughest,
roughing,
roughness,
roughshod,
rudderless*,
rude*,
rue*,
ruffian*,
ruffl*,
ruin*,
rumpl*,
rumpus*,
ruptur*,
rusty*,
ruthless*,
sabotag*,
sad,
sadde*,
sadly*,
sadnes*,
sag,
sagg*,
sap,
sapped,
sapper,
sappi*,
sappy,
saps,
sarcas*,
saucy*,
savag*,
scandal*,
scant,
scapegoat*,
scar,
scarc*,
scare,
scared,
scares,
scarey,
scari*,
scaring,
scarred,
scarring,
scars,
scary*,
scath*,
scof*,
scold*,
scorn*,
scoundrel*,
scourg*,
scowl*,
scrap,
scrape,
scraped,
scrapes,
scraping*,
scrapp*,
scraps,
scream*,
screw,
screwed,
screwi*,
screws,
screwy,
scrupl*,
scuffl*,
scum,
scumm*,
scums,
seced*,
secession*,
sedentary*,
seditious*,
seedy*,
seethe*,
segregat*,
seiz*,
self centred,
self conscious*,
self importan*,
self indulgent,
self interest*,
self righteous*,
self serving,
selfish,
selfishly*,
selfishness*,
senseless*,
sequester*,
seriocomic*,
serpent*,
servitud*,
set back,
sever,
severe*,
severi*,
severs,
sexism,
sexist,
shabby*,
shadi*,
shadow,
shadowed,
shadowi*,
shadows,
shadowy*,
shady*,
shake*,
shaki*,
shaky*,
shallow*,
sham,
shame,
shamed*,
shamefaced*,
shameful*,
shameless*,
shames*,
shaming,
shammed,
shammer,
shamming,
shams,
shatter,
shattered,
shattering,
shatterproof,
shatters,
sheepish*,
shell,
shipwreck*,
shirk*,
shit*,
shiver*,
shock,
shocked,
shocker,
shocking,
shockproof,
shocks,
shoddy*,
shortage*,
shortchang*,
shortcoming*,
shortfall,
shorthand*,
shortsighted*,
shove,
shoved,
shover,
shoves,
shoving,
shrew,
shrewish,
shriek*,
shrivel*,
shudder*,
shun*,
shy,
shyer,
shyest,
shying,
shyly,
shyness,
sick,
sicke*,
sicki*,
sickl*,
sickness*,
sigh,
sighed,
sighing,
sighs,
simplistic*,
sin,
sinful*,
sinister*,
sink*,
sinned,
sinner*,
sinning,
sins,
sizzl*,
skeptic*,
sketchy*,
skirmish*,
skulk*,
slack*,
slain*,
slake on*,
slam*,
slander*,
slap,
slapped,
slapping,
slaps,
slaughter*,
slavery,
slay*,
sleaz*,
slighted,
slighter,
slighting,
slights,
slime*,
slimy*,
slip up,
slippery*,
slither*,
slob,
slop,
slopp*,
sloth*,
slug*,
slump*,
slur,
slurred,
slurring,
slurs,
slut*,
sly*,
smack*,
smash,
smashed,
smasher*,
smashes,
smashing*,
smashup*,
smear*,
smokescreen*,
smother*,
smug*,
snarl*,
sneak,
sneaking,
sneaks,
sneaky,
sneer*,
snigger*,
snob*,
snore*,
sob,
sobb*,
sobs,
solicitud*,
somber*,
sombr*,
sop,
soporific*,
sopp*,
sops,
sore*,
sorrow*,
sorry*,
soulless*,
sour,
soured,
sourer,
sourest,
souring,
sourly,
sourness,
sourpuss,
sours,
spank*,
spear,
speared,
spearing,
spears,
spill*,
spiral*,
spiritless,
spit,
spite*,
spiting,
spits,
spitting,
spleen*,
spoil*,
spotti*,
spotty*,
sprain*,
spurn*,
sputter*,
squander*,
stab,
stabbed*,
stabber*,
stabbing*,
stabs*,
stagnant*,
stale*,
stammer*,
standstill*,
startl*,
starv*,
static*,
steal,
stealing,
steals,
stench*,
stern,
sternest,
sternly,
stew,
stewed,
stewing,
stews,
sticki*,
sticky,
stiff*,
stifl*,
stigma*,
sting*,
stink*,
stole*,
stolid*,
storm*,
strain,
strained,
straining,
strains,
strang*,
strangl*,
stress*,
stricken*,
strict*,
strif,
strife,
strikeout*,
struck*,
struggl*,
strut*,
stubborn*,
stuffy*,
stumb*,
stun,
stung,
stunk,
stunned*,
stuns,
stunted,
stupef*,
stupid*,
stupor*,
subjection*,
subjugat*,
submissiv*,
subservien*,
subver*,
succumb*,
suck,
sucked,
sucker,
sucking,
sucks,
suffer*,
sufferer*,
suffocat*,
sulk*,
sulky*,
sullen*,
superficial*,
superfluous*,
superiority complex,
suppress*,
surrender*,
susceptib*,
suspect*,
suspens*,
suspicio*,
swear*,
taboo*,
tacky*,
tactless*,
taint,
tainted,
tainting,
taints,
tamper*,
tantali*,
tantrum*,
tardy*,
tasteless,
tatter*,
taunt*,
taxing,
tear,
teardrop*,
tearful*,
tearing,
tears,
teary,
tease,
teased,
teases,
teasing,
tedious*,
temper,
temperamental*,
tempered,
tempers,
tempest*,
temptation,
tense*,
tension*,
terribl*,
terrifie*,
terrify*,
terror*,
theft*,
thief*,
thieve*,
thin ice,
thorn*,
thoughtless*,
thrash*,
threat*,
thrifts,
thwart*,
timid*,
timorous*,
tirade*,
tired*,
tiresome*,
toil*,
too,
toppl*,
torment*,
torn*,
torrent*,
tortur*,
touchy*,
tough*,
toxic*,
traged*,
tragic,
tragically,
traitor*,
tramp,
tramped,
tramper*,
tramping,
trampl*,
tramps,
transgress*,
trap,
trapped,
traps,
trashed,
trashing,
trashy,
trauma*,
treacherou*,
treachery*,
treason*,
trembl*,
tremor*,
tremulou*,
trepid*,
trespass*,
trick,
tricked,
tricker,
tricki*,
tricks,
trifl*,
trite*,
trivi*,
troubl*,
trouble*,
truan*,
trustless*,
tumbl*,
tumor*,
tumult*,
tunnel vision*,
turbulen*,
turmoil*,
turn off*,
twilight*,
twitch*,
tyran*,
ugh*,
ugl*,
umbrag*,
unable*,
unacceptab*,
unaccount*,
unaccustomed*,
unapolog*,
unassertiv*,
unattractiv*,
unauthentic*,
unaware*,
unbalanced,
unbearab*,
unbelievab*,
uncaring*,
uncertain*,
uncheerful*,
uncivil*,
unclean*,
unclear*,
uncomfortab*,
unconcerned*,
unconscious*,
uncontrol*,
uncouth*,
undefined*,
undependab*,
underbelly,
undermin*,
underpaid,
undesirab*,
undetermined*,
undignified*,
undiminished*,
undo,
undoable,
undoes,
undoing,
undone*,
undue*,
uneas*,
uneconomical*,
unemployable*,
unenviab*,
unequal*,
unethical*,
uneven*,
unfair*,
unfaithful*,
unfamiliar*,
unfavorab*,
unfavourab*,
unfeeling*,
unfinished*,
unfit*,
unforeseen*,
unfortunat*,
unfounded,
unfriend*,
ungrateful*,
unguarded*,
unhapp*,
unhealthy*,
unimagin*,
unimportant*,
unimpress*,
uninformed*,
uninspir*,
uninterest*,
uninvited*,
unjust*,
unkind*,
unknown*,
unlawful*,
unleash*,
unlika,
unlikelihood,
unlikely,
unlov*,
unluck*,
unmotivat*,
unmoved*,
unnatural*,
unnecessary*,
unnerv*,
unnoticed*,
unobserved*,
unpleasant*,
unpopular*,
unprecedented*,
unpredictab*,
unprepared*,
unproductive*,
unprofitab*,
unprotected*,
unproven,
unqualified*,
unread*,
unreal*,
unreasonabl*,
unreliab*,
unremarkab*,
unrest,
unrestful*,
unresting,
unrestored,
unrestrained,
unripe*,
unru*,
unsaf*,
unsatisfactory,
unsavo*,
unscrupulous*,
unseen*,
unsettl*,
unsightly*,
unsound*,
unspeakable*,
unspectacular*,
unstab*,
unstead*,
unsuccessful*,
unsur*,
unthanked*,
untimely*,
untold*,
untrained*,
untrue*,
untrust*,
untruth*,
unusab*,
unusual*,
unwanted,
unwarranted*,
unwelcom*,
unwilling*,
unwise*,
unworth*,
uphill,
uprising*,
uproar*,
upset*,
uptight*,
useless*,
usurp*,
vagabond*,
vagrant*,
vague*,
vain*,
vanish*,
vanity*,
vapor*,
vapour*,
veil*,
vengeanc*,
vengeful*,
venom*,
vex*,
vice,
vices,
vicious*,
victim*,
vile*,
villain*,
vindictiv*,
violat*,
violenc*,
violent*,
viper*,
viral,
virulent,
void*,
volatil*,
vulgar*,
vulnerab*,
vulture*,
wail*,
wait,
wallow*,
wanker*,
wanton*,
war,
warble*,
warbling,
warfare*,
warier,
wariest,
warily,
wariness,
warlik*,
warmonger,
warms,
warn*,
warp,
warpath*,
warped,
warper,
warping,
warrantless*,
warred,
warring*,
wars*,
wart,
warti*,
wary*,
waste*,
wayward*,
weak*,
weariness*,
wearisom*,
weary*,
weed,
weedi*,
weeds,
weedy,
weep*,
weird*,
wench*,
wept*,
whack,
whimp*,
whin*,
whip,
whiplash*,
whipped,
whipper,
whipping,
whips,
whore*,
wicked*,
wild,
wily*,
wimp*,
winc*,
wining,
wipe out,
wishy washy*,
witch*,
wither*,
withheld,
withhold*,
woe*,
woozier,
wooziest,
wooziness,
woozy,
worn*,
worr*,
worry*,
worse*,
worst*,
worthless*,
wound,
wounded,
wounds,
wrath*,
wreck*,
wrestl*,
wretch*,
writhe*,
wrong*,
xenophob*,
yawn*,
yearn*,
yuck*,
zealot*,
